Team Name,City/Location,Team Nickname,Play by Play Team Name,Abbreviation,Arena Name,Goalies Use Team Colors,Owner Spending Rating,Owner Success Rating,Owner Patience Rating,Federal Tax Rate,State Tax Rate,Team Prestige,Market Size,Local Fan Base,National Fan Base,Local Popularity,National Popularity,Concession Level,Club Seating Level,Team Store Level,Parking Lot Level,Team Color 1,Hex 1,Color 1,Team Color 2,Color 2,Team Color 3,Color 3,Primary Logo,L1 Section 1,L1 Section 2,L1 Section 3,L1 Section 4,L1 Section 5,L1 Section 6,L1 Section 7,L1 Section 8,L1 Section 9,L1 Section 10,L1 Section 11,L1 Section 12,L1 Section 13,Secondary Logo,L2 Section 1,L2 Section 2,L2 Section 3,L2 Section 4,L2 Section 5,L2 Section 6,L2 Section 7,L2 Section 8,L2 Section 9,L2 Section 10,L2 Section 11,L2 Section 12,L2 Section 13,L2 Section 14,L2 Section 15,Tertiary Logo,L3 Section 1,L3 Section 2,L3 Section 3,L3 Section 4,L3 Section 5,L3 Section 6,L3 Section 7,L3 Section 8,L3 Section 9,L3 Section 10,Helmet Color 1,Helmet Color 2,Helmet Color 3,Helmet Logo,Helmet Number,Helmet Shine,Glove 1,Glove 2,Glove 3,Glove 4,Glove 5,Glove 6,Glove 7,Glove 8,Glove 9,Glove 10,Glove 11,Glove 12,Glove Shine,Jersey Style,Jersey 1,Jersey 2,Jersey 3,Jersey 4,Jersey 5,Jersey 6,Jersey 7,Jersey 8,Jersey 9,Jersey 10,Jersey 11,Jersey 12,Jersey 13,Jersey 14,Jersey 15,Main Logo,Left Shoulder,Right Shoulder,Font Style,Font 1,Font 2,Font 3,Font 4,Font 5,Font 6,Font 7,Font 8,Font 9,Font 10,Font 11,Font 12,Pant Style,Pant 1,Pant 2,Pant 3,Pant 4,Pant 5,Left Pant Logo,Right Pant Logo,Sock Style,Sock 1,Sock 2,Sock 3,Sock 4,Helmet Color 1,Helmet Color 2,Helmet Color 3,Helmet Logo,Helmet Number,Helmet Shine,Glove 1,Glove 2,Glove 3,Glove 4,Glove 5,Glove 6,Glove 7,Glove 8,Glove 9,Glove 10,Glove 11,Glove 12,Glove Shine,Jersey Style,Jersey 1,Jersey 2,Jersey 3,Jersey 4,Jersey 5,Jersey 6,Jersey 7,Jersey 8,Jersey 9,Jersey 10,Jersey 11,Jersey 12,Jersey 13,Jersey 14,Jersey 15,Main Logo,Left Shoulder,Right Shoulder,Font Style,Font 1,Font 2,Font 3,Font 4,Font 5,Font 6,Font 7,Font 8,Font 9,Font 10,Font 11,Font 12,Pant Style,Pant 1,Pant 2,Pant 3,Pant 4,Pant 5,Left Pant Logo,Right Pant Logo,Sock Style,Sock 1,Sock 2,Sock 3,Sock 4,Helmet Color 1,Helmet Color 2,Helmet Color 3,Helmet Logo,Helmet Number,Helmet Shine,Glove 1,Glove 2,Glove 3,Glove 4,Glove 5,Glove 6,Glove 7,Glove 8,Glove 9,Glove 10,Glove 11,Glove 12,Glove Shine,Jersey Style,Jersey 1,Jersey 2,Jersey 3,Jersey 4,Jersey 5,Jersey 6,Jersey 7,Jersey 8,Jersey 9,Jersey 10,Jersey 11,Jersey 12,Jersey 13,Jersey 14,Jersey 15,Main Logo,Left Shoulder,Right Shoulder,Font Style,Font 1,Font 2,Font 3,Font 4,Font 5,Font 6,Font 7,Font 8,Font 9,Font 10,Font 11,Font 12,Pant Style,Pant 1,Pant 2,Pant 3,Pant 4,Pant 5,Left Pant Logo,Right Pant Logo,Sock Style,Sock 1,Sock 2,Sock 3,Sock 4,Arena #,Wall 1,Wall 2,Wall 3,Tunnel 1,Tunnel 2,Tunnel 3,Roof,Stair 1,Stair 2,Railing,Goal Post,Seat Pattern,Seats 1,Seats 2,Seats 3,Seats 4,Seats 5,Seats 6,Boards/Glass,Stanchion Color,Scoreboard,Scoreboard 1,Scoreboard 2,Scoreboard 3,Netting Color,Center Ice Line,Center Ice Logo,Center Ice Layout,Goalie Spotlight,Skater Spotlight,Skater Spotlight Color,Goal Stanchion Effects,GSE Color 1,GSE Color 2,Signature Effects,Signature Effects Color,Hat Trick,Goal Light,Intro Stanchion Effect,ISE Color 1,ISE Color 2,Intro Effect Type,Intro Effect Type Color,On Ice Projections,Glow Stick Color,National Anthems,Prop,Powerplay Pres.,Win Presentation,Rink Announcer,Goal Horn,Goal Song,Powerplay Song,Win Song,Mascot Name,Mascot #,Show Mascot,Mascot Head,Head 1,Head 2,Head 3,Head 4,Head 5,Head 6,Head 7,Head 8,Head 9,Head 10,Head 11,Head 12,Mascot Body,Body 1,Body 2,Body 3,Body 4,Body 5,Body 6,Original Team Creator
Heat,Arizona,Heat,Heat,ARI,Domino's Center,Yes,10,10,10,0.0%,0.0%,Elite,Large,Hardcore,Hardcore,Elite,Elite,3,3,3,3,"(237,28,36)",#ED1C24,Red,"(230,119,0)",Orange,"(255,242,0)",Yellow,60,1,3,3,1,2,N/A,N/A,N/A,N/A,N/A,N/A,N/A,N/A,Ducks,N/A,N/A,N/A,N/A,N/A,N/A,N/A,N/A,N/A,N/A,N/A,N/A,N/A,N/A,N/A,Ducks,N/A,N/A,N/A,N/A,N/A,N/A,N/A,N/A,N/A,N/A,1,2,3,N/A,Yes,N/A,1,3,2,1,1,1,3,1,1,1,1,1,N/A,7,1,1,1,3,2,2,3,1,2,2,1,N/A,N/A,N/A,N/A,Primary,N/A,N/A,7,3,1,2,3,3,3,1,2,3,1,2,N/A,1,1,N/A,N/A,N/A,N/A,N/A,N/A,24,1,3,2,1,White,White,1,Primary,Yes,N/A,White,1,2,1,1,White,1,1,1,White,1,1,N/A,7,White,White,1,1,White,White,3,2,1,White,1,N/A,N/A,N/A,N/A,Primary,N/A,N/A,7,1,2,3,1,1,1,2,3,1,2,3,N/A,1,1,N/A,N/A,N/A,N/A,N/A,N/A,24,White,1,3,2,3,1,1,N/A,Yes,N/A,3,3,2,3,3,3,1,3,3,3,3,3,N/A,7,3,3,1,1,1,1,2,1,3,1,1,N/A,N/A,N/A,N/A,Primary,N/A,N/A,7,1,3,2,1,1,1,3,2,1,3,2,N/A,1,1,N/A,N/A,N/A,N/A,N/A,N/A,24,3,2,1,3,8,1,2,3,1,3,2,1,1,3,3,1,1,1,3,1,1,3,1,LED,1,8,1,2,3,Black,66,Primary,6,N/A,5,1,1,1,N/A,Scoreboard Fire 3,1,Hats,Bar,1,1,N/A,Scoreboard Fire 3,1,Firestorm,1,USA,14,2,Team Salute,On,"Treble (Ship Horn 1), 2 Blasts (MsLs)",Hip Hop - Bad News,Dubstep - Pixel,Pop - Feel So Alive,Heath,97,Yes,5,1,2,1,1,N/A,N/A,N/A,N/A,N/A,N/A,N/A,N/A,1,1,2,1,1,1,3,Ryan
Cobalts,Atlanta,Cobalts,Cobras,ATL,Trident Stadium,Yes,10,10,10,0.0%,0.0%,Elite,Large,Hardcore,Hardcore,Elite,Elite,3,3,3,3,"(13,0,76)",#0D004C,Navy,"(230,119,0)",Orange,"(232,232,232)",White,40,1,Black,2,1,2,3,3,2,2,N/A,N/A,N/A,N/A,Ducks,N/A,N/A,N/A,N/A,N/A,N/A,N/A,N/A,N/A,N/A,N/A,N/A,N/A,N/A,N/A,Ducks,N/A,N/A,N/A,N/A,N/A,N/A,N/A,N/A,N/A,N/A,1,2,3,N/A,Yes,N/A,1,1,2,1,1,1,2,1,1,1,2,1,N/A,8,1,1,1,2,1,2,3,2,1,1,2,1,1,N/A,N/A,Primary,N/A,N/A,21,2,1,3,2,1,3,2,3,3,2,3,3,1,1,N/A,N/A,N/A,N/A,N/A,N/A,1,1,2,1,N/A,3,1,1,N/A,Yes,N/A,3,1,2,1,3,1,3,1,1,3,1,1,N/A,8,3,1,3,3,3,2,1,2,3,3,1,1,1,N/A,N/A,Primary,N/A,N/A,21,1,2,1,1,1,1,3,2,2,1,1,1,1,3,N/A,N/A,N/A,N/A,N/A,N/A,1,3,1,2,N/A,2,2,1,N/A,Yes,N/A,2,1,2,1,2,1,2,1,2,2,1,1,N/A,8,2,1,2,2,2,3,3,1,2,1,2,2,2,N/A,N/A,Primary,N/A,N/A,21,1,3,1,1,1,1,2,3,3,1,1,1,1,1,N/A,N/A,N/A,N/A,N/A,N/A,1,2,1,3,N/A,3,1,2,1,1,2,2,1,2,2,1,2,2,1,3,2,2,3,1,LED,1,5,1,2,3,Black,66,Primary,6,N/A,5,2,1,2,N/A,Scoreboard Fire 3,2,Hats,Bar,1,2,N/A,Scoreboard Fire 3,2,Lightning,2,USA,13,2,Hammer Smash,On,"Bass (Truck 1) + Mid (Air Horn 2), 2 Blasts (MsLs)",Hip Hop - Scream,Dubstep - Pixel,Electronic - Feeling Better,Coby,27,Yes,5,1,2,1,1,N/A,N/A,N/A,N/A,N/A,N/A,N/A,N/A,1,1,2,2,2,1,2,Ryan
Oceanics,Baltimore,Oceanics,Oceanic,BAL,Progressive Center,Yes,10,10,10,0.0%,0.0%,Elite,Large,Hardcore,Hardcore,Elite,Elite,3,3,3,3,"(13,0,76)",#0D004C,Navy,"(0,174,239)",Light Blue,"(232,232,232)",White,29,1,1,2,3,N/A,N/A,N/A,N/A,N/A,N/A,N/A,N/A,N/A,"Collegiate Font 1, Wreath B",1,3,3,2,3,1,2,1,N/A,N/A,N/A,N/A,N/A,N/A,N/A,Ducks,N/A,N/A,N/A,N/A,N/A,N/A,N/A,N/A,N/A,N/A,1,2,2,N/A,Yes,N/A,1,3,2,1,1,1,2,1,1,1,1,1,N/A,53,1,2,1,1,2,3,2,2,2,2,2,N/A,N/A,N/A,N/A,Primary,N/A,N/A,16,3,2,3,3,2,3,2,N/A,N/A,N/A,N/A,N/A,1,1,N/A,N/A,N/A,N/A,N/A,N/A,4,1,2,3,N/A,3,2,1,Secondary,Yes,N/A,3,1,2,1,3,1,2,3,3,3,1,2,N/A,53,3,1,3,3,1,2,3,3,3,2,2,N/A,N/A,N/A,N/A,Primary,N/A,N/A,16,1,2,1,1,2,1,2,N/A,N/A,N/A,N/A,N/A,1,1,N/A,N/A,N/A,N/A,N/A,N/A,4,3,1,2,N/A,2,1,1,Primary,Yes,N/A,2,3,3,2,2,1,3,2,2,2,3,3,N/A,53,2,1,1,3,1,3,2,2,2,1,1,N/A,N/A,N/A,N/A,Secondary,N/A,N/A,16,1,3,1,3,2,1,3,N/A,N/A,N/A,N/A,N/A,1,2,N/A,N/A,N/A,N/A,N/A,N/A,4,2,1,3,N/A,7,1,2,2,1,2,3,1,2,2,3,1,1,1,2,1,1,2,1,LED,1,7,1,2,3,Black,66,Primary,6,N/A,1,2,7,3,2,Goal Light Smoke,1,Fish,Classic,1,2,N/A,Scoreboard Smoke 1,1,Tidal Effect,2,USA,10,4,Bowling,On,"Mid (Fog Horn 1), 3 Blasts (MsSsL), Flare (Church Bells 1)",Country - Gaining On You,Dubstep - Pixel,Electronic - True Devotion,Titanic,35,Yes,8,1,2,1,1,1,3,2,N/A,N/A,N/A,N/A,N/A,1,1,2,1,1,1,3,Ryan
Bulldogs,Brooklyn,Bulldogs,Bulldogs,BRO,Powerball Garden,Yes,10,10,10,0.0%,0.0%,Elite,Large,Hardcore,Hardcore,Elite,Elite,3,3,3,3,"(121,0,0)",#790000,Red,"(26,26,26)",Black,"(232,232,232)",White,41,1,2,3,3,3,N/A,N/A,N/A,N/A,N/A,N/A,N/A,N/A,Ducks,N/A,N/A,N/A,N/A,N/A,N/A,N/A,N/A,N/A,N/A,N/A,N/A,N/A,N/A,N/A,Ducks,N/A,N/A,N/A,N/A,N/A,N/A,N/A,N/A,N/A,N/A,1,2,3,N/A,Yes,N/A,1,2,2,2,1,2,3,1,1,1,1,1,N/A,67,1,2,1,3,2,2,2,2,2,N/A,N/A,N/A,N/A,N/A,N/A,Primary,N/A,N/A,25,3,1,2,3,3,1,3,1,3,3,2,1,1,2,N/A,N/A,N/A,N/A,N/A,N/A,7,1,2,N/A,N/A,3,1,1,N/A,Yes,N/A,3,1,3,1,3,1,3,3,3,3,1,3,N/A,67,3,1,3,3,1,1,1,1,1,N/A,N/A,N/A,N/A,N/A,N/A,Primary,N/A,N/A,25,1,3,2,1,1,3,3,2,3,1,3,2,1,1,N/A,N/A,N/A,N/A,N/A,N/A,7,3,1,N/A,N/A,2,2,3,N/A,Yes,N/A,2,1,1,1,2,1,3,2,2,2,2,2,N/A,67,2,1,2,3,1,2,2,2,2,N/A,N/A,N/A,N/A,N/A,N/A,Primary,N/A,N/A,25,3,2,1,3,3,2,3,2,2,3,2,1,1,1,N/A,N/A,N/A,N/A,N/A,N/A,7,2,1,N/A,N/A,10,1,2,1,1,2,3,1,3,3,3,1,1,1,1,1,2,2,2,LED,1,2,1,2,3,Black,66,Primary,1,N/A,3,3,1,3,N/A,Lightning Coil,1,Hats,Box,1,1,N/A,Scoreboard Smoke 3,1,Game Time,1,USA,3,2,Board Smash,On,"Bass (Fog Horn 2), 2 Blasts (MsLs), Flare (Roar 4)",Electronic - La Victoria,Dubstep - Pixel,Classical - William Tell Overture,Bulldozer,36,Yes,3,1,3,1,1,3,1,3,1,3,1,1,N/A,3,1,1,N/A,N/A,N/A,N/A,Ryan
Tsunami,Charleston,Tsunami,Superstars,CHA,Michelin Superdome,Yes,10,10,10,0.0%,0.0%,Elite,Large,Hardcore,Hardcore,Elite,Elite,3,3,3,3,"(0,114,188)",#0072BC,Blue,"(0,191,243)",Light Blue,"(26,26,26)",Black,150,1,3,3,2,1,2,N/A,N/A,N/A,N/A,N/A,N/A,N/A,Ducks,N/A,N/A,N/A,N/A,N/A,N/A,N/A,N/A,N/A,N/A,N/A,N/A,N/A,N/A,N/A,Ducks,N/A,N/A,N/A,N/A,N/A,N/A,N/A,N/A,N/A,N/A,1,3,3,N/A,Yes,N/A,1,3,2,1,1,3,2,1,1,1,1,1,N/A,54,1,3,1,2,3,2,3,1,1,1,2,2,N/A,N/A,N/A,Primary,N/A,N/A,24,3,2,3,3,2,3,2,N/A,N/A,N/A,N/A,N/A,1,1,N/A,N/A,N/A,N/A,N/A,N/A,18,1,2,3,N/A,White,White,3,Primary,Yes,N/A,White,White,White,1,White,1,3,White,White,White,White,White,N/A,54,White,1,White,3,3,2,1,White,White,White,3,1,N/A,N/A,N/A,Primary,N/A,N/A,24,1,3,3,1,3,1,3,N/A,N/A,N/A,N/A,N/A,1,White,N/A,N/A,N/A,N/A,N/A,N/A,18,White,1,2,N/A,2,2,3,Primary,Yes,N/A,2,3,2,3,2,2,3,2,2,2,2,3,N/A,54,2,2,2,3,3,2,1,2,2,2,2,3,N/A,N/A,N/A,Primary,N/A,N/A,24,3,1,3,3,1,3,1,N/A,N/A,N/A,N/A,N/A,1,2,N/A,N/A,N/A,N/A,N/A,N/A,18,2,1,3,N/A,1,1,3,1,1,2,3,3,2,2,1,3,1,1,2,3,1,2,3,LED,1,2,1,2,3,Black,66,Primary,6,N/A,5,1,1,2,N/A,Scoreboard Smoke 1,1,Hats,Bar,1,2,N/A,Scoreboard Smoke 1,1,Tidal Effect,2,USA,14,2,Chain Reaction,On,"Bass (Air Horn 1) + Treble (Truck 1), 2 Blasts (MsLs), Flare (Alarm 4)",Dubstep - Xtra,Dubstep - Pixel,Dubstep - Beauty And Chaos,Wave,8,Yes,8,1,1,2,1,3,2,2,N/A,N/A,N/A,N/A,N/A,1,1,2,2,3,1,3,Ryan
Rockets,Chicago,Rockets,Rockets,CHI,Minute Maid Arena,Yes,10,10,10,0.0%,0.0%,Elite,Large,Hardcore,Hardcore,Elite,Elite,3,3,3,3,"(236,0,140)",#EC008C,Pink,"(26,26,26)",Black,"(232,232,232)",White,122,1,2,3,3,Light Gray,1,3,1,3,2,2,1,1,Ducks,N/A,N/A,N/A,N/A,N/A,N/A,N/A,N/A,N/A,N/A,N/A,N/A,N/A,N/A,N/A,Ducks,N/A,N/A,N/A,N/A,N/A,N/A,N/A,N/A,N/A,N/A,1,3,2,Primary,Yes,N/A,1,3,2,1,1,2,3,1,1,1,1,1,N/A,70,1,2,2,1,3,1,3,1,2,2,2,1,N/A,N/A,N/A,Primary,N/A,N/A,37,2,3,2,1,3,2,3,N/A,N/A,N/A,N/A,N/A,1,2,N/A,N/A,N/A,N/A,N/A,N/A,3,1,2,3,N/A,3,1,2,Primary,Yes,N/A,3,1,2,1,3,1,2,3,3,3,1,2,N/A,70,3,2,3,1,1,3,1,1,3,3,3,1,N/A,N/A,N/A,Primary,N/A,N/A,37,2,1,2,1,2,2,1,N/A,N/A,N/A,N/A,N/A,1,1,N/A,N/A,N/A,N/A,N/A,N/A,3,3,2,1,N/A,2,2,1,N/A,Yes,N/A,2,2,1,3,2,1,3,2,2,2,2,1,N/A,70,2,2,2,1,3,1,3,1,3,3,3,1,N/A,N/A,N/A,Primary,N/A,N/A,37,3,1,3,3,1,3,1,N/A,N/A,N/A,N/A,N/A,1,2,N/A,N/A,N/A,N/A,N/A,N/A,3,2,1,3,N/A,1,1,1,1,1,2,3,1,1,1,2,1,3,1,3,2,1,1,1,LED,1,1,1,2,3,Black,66,Primary,1,N/A,8,1,1,1,N/A,Scoreboard Fire 3,1,Alien Plushies,Classic,1,1,N/A,Scoreboard Fire 3,1,Space Travel,1,USA,15,1,Ride 'Em,On,"Bass (Boat Horn 4) + Mid (Air Horn 3), 2 Blasts (LsLs)",Miscellaneous - Playa Dorada,Dubstep - Pixel,Electronic - I Need You,Rocky,21,Yes,5,1,2,1,1,N/A,N/A,N/A,N/A,N/A,N/A,N/A,N/A,1,1,2,3,1,1,3,Ryan
Thunderbolts,Cincinnati,Thunderbolts,Thunderbirds,CIN,Cheerios Iceplex,Yes,10,10,10,0.0%,0.0%,Elite,Large,Hardcore,Hardcore,Elite,Elite,3,3,3,3,"(46,49,146)",#2E3192,Blue,"(255,242,0)",Yellow,"(26,26,26)",Black,51,3,1,2,2,1,2,N/A,N/A,N/A,N/A,N/A,N/A,N/A,51,1,1,2,2,White,2,N/A,N/A,N/A,N/A,N/A,N/A,N/A,N/A,N/A,51,2,3,1,2,3,1,N/A,N/A,N/A,N/A,1,3,2,Primary,Yes,N/A,1,3,2,1,1,3,2,1,1,1,1,1,N/A,34,1,3,1,3,1,1,1,2,2,2,2,3,3,N/A,N/A,Primary,N/A,N/A,5,2,2,2,2,N/A,N/A,N/A,N/A,N/A,N/A,N/A,N/A,3,1,1,2,2,N/A,N/A,N/A,19,1,2,3,N/A,White,1,1,Secondary,Yes,N/A,White,1,2,2,2,2,1,White,White,White,1,2,N/A,34,White,1,2,1,2,White,2,1,1,1,White,White,White,N/A,N/A,Secondary,N/A,N/A,5,1,1,White,1,N/A,N/A,N/A,N/A,N/A,N/A,N/A,N/A,3,White,2,1,1,N/A,N/A,N/A,19,White,1,2,N/A,3,1,2,N/A,Yes,N/A,3,2,1,2,3,1,2,3,3,3,2,1,N/A,34,3,2,3,2,2,3,3,1,1,1,1,3,3,N/A,N/A,Tertiary,N/A,N/A,5,2,2,3,2,N/A,N/A,N/A,N/A,N/A,N/A,N/A,N/A,3,3,2,1,1,N/A,N/A,N/A,19,3,2,1,N/A,1,1,2,1,1,2,3,1,2,2,3,1,1,1,2,1,1,2,3,LED,1,2,1,2,3,Black,66,Primary,2,N/A,5,2,3,1,2,Lightning Coil,1,Hats,Bar,1,2,N/A,Lightning Coil,1,Lightning,2,USA,15,2,Board Smash,On,"Mid (Boat Horn 4), 1 Blast (Ls)",Punk Rock - Riot Times,Dubstep - Pixel,Pop - 2 Good 4 You,Zappy,94,Yes,1,1,2,1,1,1,3,2,3,N/A,N/A,N/A,N/A,1,1,2,1,1,1,3,Ryan
Demons,Cleveland,Demons,Demons,CLE,Home Depot Arena,Yes,10,10,10,0.0%,0.0%,Elite,Large,Hardcore,Hardcore,Elite,Elite,3,3,3,3,"(230,119,0)",#E67700,Orange,"(26,26,26)",Black,"(237,28,36)",Red,73,1,2,2,3,3,N/A,N/A,N/A,N/A,N/A,N/A,N/A,N/A,"Collegiate Font 1, Plain Text C",1,2,3,N/A,N/A,N/A,N/A,N/A,N/A,N/A,N/A,N/A,N/A,N/A,N/A,"Collegiate Font 1, Plain Text D",1,2,3,N/A,N/A,N/A,N/A,N/A,N/A,N/A,1,2,2,N/A,Yes,N/A,1,3,2,1,1,2,3,1,1,1,1,1,N/A,69,1,2,1,1,3,1,2,2,1,1,1,3,N/A,N/A,N/A,Primary,N/A,N/A,22,2,3,2,2,3,2,3,N/A,N/A,N/A,N/A,N/A,1,2,N/A,N/A,N/A,N/A,N/A,N/A,11,1,2,3,N/A,White,1,2,Secondary,Yes,N/A,White,2,1,3,White,1,2,White,White,White,White,White,N/A,69,White,1,2,White,White,3,2,1,White,White,White,2,N/A,N/A,N/A,Primary,N/A,N/A,22,1,2,2,White,3,1,2,N/A,N/A,N/A,N/A,N/A,1,1,N/A,N/A,N/A,N/A,N/A,N/A,11,White,1,2,N/A,3,2,2,Primary,Yes,N/A,2,3,1,3,1,3,2,2,2,2,2,2,N/A,69,2,3,2,2,1,2,3,3,3,3,3,2,N/A,N/A,N/A,Primary,N/A,N/A,22,3,1,1,3,1,2,1,N/A,N/A,N/A,N/A,N/A,1,3,N/A,N/A,N/A,N/A,Tertiary,Secondary,11,2,3,1,N/A,6,1,1,1,1,2,3,1,1,1,2,1,2,1,2,1,2,1,3,LED,1,3,1,2,3,Black,66,Primary,6,N/A,5,1,4,1,3,Goal Light Smoke,1,Hats,Bar,1,1,N/A,Scoreboard Smoke 1,1,Firestorm,1,USA,15,1,Ride 'Em,On,"Bass (Boat Horn 4), 3 Blasts (MsSlL), Flare (Evil Laugh 1)",Electronic - Warzone,Dubstep - Pixel,Hard Rock - Crash Car,Pumpkin,9,Yes,5,1,2,3,2,N/A,N/A,N/A,N/A,N/A,N/A,N/A,N/A,1,1,2,3,2,1,3,Chris
Cougars,Columbus,Cougars,Cougars,COL,Liberty Mutual Center,Yes,10,10,10,0.0%,0.0%,Elite,Large,Hardcore,Hardcore,Elite,Elite,3,3,3,3,"(241,70,16)",#F14610,Orange,"(118,118,118)",Silver,"(26,26,26)",Black,153,1,3,3,White,2,1,1,1,N/A,N/A,N/A,N/A,N/A,153,White,3,2,2,2,1,2,1,N/A,N/A,N/A,N/A,N/A,N/A,N/A,Ducks,N/A,N/A,N/A,N/A,N/A,N/A,N/A,N/A,N/A,N/A,1,2,3,N/A,Yes,N/A,1,3,2,1,1,3,2,1,1,1,1,1,N/A,54,1,3,1,1,1,2,3,2,2,2,2,2,N/A,N/A,N/A,Primary,N/A,N/A,22,3,2,3,3,2,3,2,N/A,N/A,N/A,N/A,N/A,11,1,2,1,3,N/A,N/A,N/A,14,1,2,3,3,White,1,1,N/A,Yes,N/A,White,1,1,1,White,White,1,White,White,White,2,2,N/A,54,White,1,White,White,White,2,1,1,1,1,White,2,N/A,N/A,N/A,Primary,Secondary,Secondary,22,1,2,1,1,2,1,2,N/A,N/A,N/A,N/A,N/A,11,White,1,White,2,N/A,N/A,N/A,14,White,2,1,1,2,1,1,N/A,Yes,N/A,2,1,2,1,2,1,White,2,2,2,2,1,N/A,54,2,2,2,1,1,2,1,2,2,2,1,1,N/A,N/A,N/A,Secondary,N/A,N/A,22,White,1,1,White,1,White,1,N/A,N/A,N/A,N/A,N/A,11,2,1,2,1,N/A,N/A,N/A,14,2,2,1,1,8,1,1,1,1,2,3,1,1,1,3,1,5,1,3,1,2,3,2,LED,1,3,1,2,3,Black,66,Primary,1,N/A,4,1,1,1,N/A,Scoreboard Fire 1,1,Hats,Box,1,1,N/A,Scoreboard Smoke 2,1,Firestorm,1,USA,14,3,Limbo,On,"Bass (Truck 3) + Mid (Boat Horn 6), 3 Blasts (MsSsL)",Classical - Entry Of The Gladiators,Dubstep - Pixel,Country - Devils Tricks,Cooper,59,Yes,19,1,2,1,1,1,3,2,3,2,N/A,N/A,N/A,2,1,2,1,N/A,N/A,N/A,Chris
Mountain Lions,Denver,Mountain Lions,Lions,DEN,Costco Center,Yes,10,10,10,0.0%,0.0%,Elite,Large,Hardcore,Hardcore,Elite,Elite,3,3,3,3,"(241,72,16)",#F14810,Orange,"(26,26,26)",Black,"(241,203,16)",Yellow,6,1,2,3,1,3,3,1,1,N/A,N/A,N/A,N/A,N/A,"ECHL, Utah Grizzlies",3,2,2,3,2,3,White,2,3,3,3,2,3,2,3,"ECHL, Reading Royals",1,2,1,2,3,3,3,3,1,1,1,1,2,N/A,Yes,N/A,1,3,2,2,1,2,3,1,1,1,2,1,N/A,78,1,1,2,2,1,3,2,1,3,2,1,1,1,2,2,Primary,Secondary,Secondary,1,2,3,2,1,3,2,3,N/A,N/A,N/A,N/A,N/A,19,2,1,3,2,N/A,Tertiary,N/A,8,1,2,3,N/A,White,White,2,Secondary,Yes,N/A,White,1,2,1,White,2,1,1,2,2,1,1,N/A,78,White,White,White,2,2,1,2,White,1,2,2,2,2,1,2,Primary,N/A,N/A,1,1,2,2,2,1,2,1,N/A,N/A,N/A,N/A,N/A,19,White,2,2,1,N/A,N/A,N/A,8,White,1,2,N/A,3,2,2,Primary,Yes,N/A,3,2,2,3,3,2,1,3,3,3,2,2,N/A,78,3,2,2,3,2,3,1,2,2,1,3,2,2,1,2,Secondary,N/A,N/A,1,2,1,2,3,1,2,1,N/A,N/A,N/A,N/A,N/A,19,3,2,2,1,N/A,N/A,N/A,8,3,2,1,N/A,4,1,2,3,1,2,3,1,1,1,2,3,4,1,2,3,2,1,2,LED,1,8,1,2,3,Black,66,Primary,1,N/A,8,3,1,1,N/A,Goal Light Smoke,1,Teddy Bears,Vertical LED,1,1,N/A,Scoreboard Fire 1,1,Firestorm,1,USA,20,1,Bowling,On,"Mid (Boat Horn 5) + Treble (Boat Horn 4), 2 Blasts (LsLs)",Rock - How We Roll,Dubstep - Pixel,Hip Hop - Highlights,Roar,39,Yes,12,1,2,1,1,1,3,2,3,2,3,2,3,3,1,2,N/A,N/A,N/A,N/A,Ryan
Motors,Detroit,Motors,Monsters,DET,Advance Auto Parts Arena,Yes,10,10,10,0.0%,0.0%,Elite,Large,Hardcore,Hardcore,Elite,Elite,3,3,3,3,"(158,11,15)",#9E0B0F,Red,"(26,26,26)",Black,"(232,232,232)",White,87,1,2,3,1,2,N/A,N/A,N/A,N/A,N/A,N/A,N/A,N/A,"Vintage Font, Plain Text D",3,1,3,N/A,N/A,N/A,N/A,N/A,N/A,N/A,N/A,N/A,N/A,N/A,N/A,Ducks,N/A,N/A,N/A,N/A,N/A,N/A,N/A,N/A,N/A,N/A,1,2,3,N/A,Yes,N/A,1,1,2,1,1,1,3,1,1,1,1,1,N/A,15,1,2,1,1,2,3,2,3,1,2,2,N/A,N/A,N/A,N/A,Primary,N/A,N/A,5,3,3,3,3,N/A,N/A,N/A,N/A,N/A,N/A,N/A,N/A,1,1,N/A,N/A,N/A,N/A,N/A,N/A,5,1,3,2,3,3,3,2,N/A,Yes,N/A,1,1,2,1,1,1,3,1,1,1,1,1,N/A,15,3,2,1,3,3,3,2,3,2,3,1,N/A,N/A,N/A,N/A,Primary,N/A,N/A,5,1,2,3,1,N/A,N/A,N/A,N/A,N/A,N/A,N/A,N/A,1,1,N/A,N/A,N/A,N/A,N/A,N/A,5,3,1,3,2,1,3,3,N/A,Yes,N/A,1,3,1,1,1,1,3,1,1,1,3,3,N/A,43,1,1,1,3,3,3,3,3,3,1,1,1,N/A,N/A,N/A,Secondary,Primary,Primary,41,3,1,3,3,3,1,3,3,1,3,N/A,N/A,1,1,N/A,N/A,N/A,N/A,N/A,N/A,11,1,3,3,N/A,1,1,2,1,1,2,3,1,1,1,3,1,1,1,2,1,1,3,2,LED,1,10,1,2,3,Black,66,Primary,1,N/A,6,1,3,1,3,Scoreboard Fire 1,1,Hats,Box,1,1,N/A,Scoreboard Fire 3,1,Interdimensional,1,USA,7,1,Chain Reaction,On,"Treble (Truck 2), 2 Blasts (MlLs), Flare (Motorcycle 1)",Country - Roadhouse Rules,Dubstep - Pixel,Electronic - Push The Volume,Henry,13,Yes,6,1,2,1,1,1,3,N/A,N/A,N/A,N/A,N/A,N/A,1,1,2,1,1,1,3,Ben
Sunshine,Florida,Sunshine,Sunny Side,FLA,Truist Stadium,Yes,10,10,10,0.0%,0.0%,Elite,Large,Hardcore,Hardcore,Elite,Elite,3,3,3,3,"(204,241,16)",#CCF110,Yellow,"(241,140,16)",Orange,"(26,26,26)",Black,85,1,2,3,1,1,N/A,N/A,N/A,N/A,N/A,N/A,N/A,N/A,145,1,3,1,2,1,2,1,1,N/A,N/A,N/A,N/A,N/A,N/A,N/A,Ducks,N/A,N/A,N/A,N/A,N/A,N/A,N/A,N/A,N/A,N/A,1,3,3,Primary,Yes,N/A,1,3,2,3,1,2,3,1,1,1,3,1,N/A,66,1,3,1,1,2,3,1,3,3,2,N/A,N/A,N/A,N/A,N/A,Primary,Secondary,Secondary,8,2,3,3,1,3,3,2,N/A,N/A,N/A,N/A,N/A,1,1,N/A,N/A,N/A,N/A,N/A,N/A,30,1,2,N/A,N/A,White,1,3,Primary,Yes,N/A,White,1,2,3,1,White,3,1,1,White,1,1,N/A,66,White,1,White,3,1,1,White,1,1,3,N/A,N/A,N/A,N/A,N/A,Primary,Secondary,Secondary,8,3,2,3,2,3,3,1,N/A,N/A,N/A,N/A,N/A,1,1,N/A,N/A,N/A,N/A,N/A,N/A,30,White,1,N/A,N/A,N/A,N/A,N/A,Primary,Yes,Yellow,N/A,N/A,N/A,N/A,N/A,N/A,N/A,N/A,N/A,N/A,N/A,N/A,Yellow,66,3,3,3,1,1,3,3,3,3,1,N/A,N/A,N/A,N/A,N/A,Secondary,Primary,Primary,8,3,1,1,3,1,3,1,N/A,N/A,N/A,N/A,N/A,1,3,N/A,N/A,N/A,N/A,Primary,Primary,30,3,1,N/A,N/A,2,1,1,1,1,3,2,1,1,1,3,1,1,1,1,1,1,1,1,LED,1,10,1,3,2,Black,66,Primary,1,N/A,1,1,3,1,2,Goal Light Smoke,1,Plastic Rats,Box,1,1,N/A,Scoreboard Fire 1,1,Synthwave,1,USA,14,4,Hammer Smash,On,"Mid (Boat Horn 5), 3 Blasts (LsSsM), Flare (Chimes 2)",Electronic - Blitz Bytes,Dubstep - Pixel,Electronic - Remnants Of A Dream,Summer,69,Yes,5,1,2,1,1,N/A,N/A,N/A,N/A,N/A,N/A,N/A,N/A,9,1,2,1,1,1,N/A,Ryan
Defenders,Fort Worth,Defenders,Desperados,FW,Boeing Stadium,Yes,10,10,10,0.0%,0.0%,Elite,Large,Hardcore,Hardcore,Elite,Elite,3,3,3,3,"(16,23,239)",#1017EF,Blue,"(241,22,16)",Red,"(232,232,232)",White,92,2,1,Black,Dark Blue,3,N/A,N/A,N/A,N/A,N/A,N/A,N/A,N/A,Ducks,N/A,N/A,N/A,N/A,N/A,N/A,N/A,N/A,N/A,N/A,N/A,N/A,N/A,N/A,N/A,Ducks,N/A,N/A,N/A,N/A,N/A,N/A,N/A,N/A,N/A,N/A,2,1,3,N/A,Yes,N/A,1,1,2,1,1,1,3,1,1,1,1,1,N/A,43,1,2,1,1,3,3,2,3,2,1,2,1,N/A,N/A,N/A,Primary,N/A,N/A,27,3,2,3,3,2,3,3,3,N/A,N/A,N/A,N/A,17,2,1,1,1,N/A,N/A,N/A,7,1,2,N/A,N/A,3,3,1,N/A,Yes,N/A,1,1,2,1,1,1,3,1,1,1,1,1,N/A,43,3,1,3,3,2,1,2,1,2,1,1,2,N/A,N/A,N/A,Primary,N/A,N/A,27,2,1,1,2,1,1,1,1,N/A,N/A,N/A,N/A,17,2,1,3,1,N/A,N/A,N/A,7,3,2,N/A,N/A,2,1,3,N/A,Yes,N/A,2,1,3,1,2,2,3,1,2,2,1,3,N/A,41,1,2,1,1,3,1,2,3,2,1,2,1,N/A,N/A,N/A,Primary,N/A,N/A,9,2,3,2,3,3,1,2,3,N/A,N/A,N/A,N/A,1,2,N/A,N/A,N/A,N/A,N/A,N/A,14,1,1,2,3,7,1,2,1,1,2,3,1,2,2,3,2,4,1,1,1,2,3,2,LED,1,3,1,2,3,White,66,Primary,6,N/A,7,1,6,2,1,Scoreboard Fire 1,1,Hats,Box,1,2,N/A,Goal Light Smoke,1,Interdimensional,1,USA,1,4,Bowling,On,"Bass (Firetruck 1) + Mid (Car Horn 1), 2 Blasts (LlLs)",Hip Hop - Dont Quit Never Stop,Dubstep - Pixel,Country - Texas Holdum,Defender,43,Yes,14,1,2,1,1,1,3,2,3,2,N/A,N/A,N/A,1,1,2,1,1,1,3,Ben
Hawks,Honolulu,Hawks,Hawks,HON,Walmart Arena,Yes,10,10,10,0.0%,0.0%,Elite,Large,Hardcore,Hardcore,Elite,Elite,3,3,3,3,"(255,242,0)",#FFF200,Yellow,"(26,26,26)",Black,"(232,232,232)",White,20,1,2,3,1,3,N/A,N/A,N/A,N/A,N/A,N/A,N/A,N/A,Ducks,N/A,N/A,N/A,N/A,N/A,N/A,N/A,N/A,N/A,N/A,N/A,N/A,N/A,N/A,N/A,Ducks,N/A,N/A,N/A,N/A,N/A,N/A,N/A,N/A,N/A,N/A,2,1,3,Primary,Yes,N/A,1,1,2,1,1,1,2,1,1,1,1,1,N/A,17,2,1,2,2,1,1,2,1,2,2,1,N/A,N/A,N/A,N/A,Primary,N/A,N/A,33,1,2,1,1,N/A,N/A,N/A,N/A,N/A,N/A,N/A,N/A,1,1,N/A,N/A,N/A,N/A,N/A,N/A,25,2,1,1,N/A,3,3,2,N/A,Yes,N/A,1,1,2,1,3,3,2,1,1,1,1,1,N/A,17,3,1,2,2,3,3,2,2,1,2,2,N/A,N/A,N/A,N/A,Primary,N/A,N/A,33,2,2,1,2,N/A,N/A,N/A,N/A,N/A,N/A,N/A,N/A,1,2,N/A,N/A,N/A,N/A,N/A,N/A,25,3,1,1,N/A,2,1,3,N/A,Yes,N/A,2,2,1,2,2,2,1,2,2,2,2,2,N/A,86,2,2,2,1,1,2,2,2,2,N/A,N/A,N/A,N/A,N/A,N/A,Primary,N/A,N/A,23,1,1,1,1,N/A,N/A,N/A,N/A,N/A,N/A,N/A,N/A,1,2,N/A,N/A,N/A,N/A,N/A,N/A,1,2,1,2,N/A,6,1,2,1,1,2,3,1,1,1,2,1,1,1,3,2,1,3,2,LED,1,8,1,2,3,Black,66,Primary,6,N/A,7,1,1,1,N/A,Scoreboard Smoke 1,1,Plastic Rats,Bar,1,1,N/A,Scoreboard Smoke 1,1,Synthwave,1,USA,16,2,Chain Reaction,On,"Bass (Boat Horn 5) + Mid (Boat Horn 5) + Treble (Boat Horn 5), 3 Blasts (LsSsL), Flare (Hawky Hawk 2)",Blues Jazz - All In,Dubstep - Pixel,Electronic - Chase A Rainbow,Harvey,49,Yes,17,1,2,1,1,1,3,2,3,2,3,2,N/A,1,1,2,1,1,1,3,Ben
Hammerheads,Houston,Hammerheads,Hammerheads,HOU,GameStop Arena,Yes,10,10,10,0.0%,0.0%,Elite,Large,Hardcore,Hardcore,Elite,Elite,3,3,3,3,"(26,56,112)",#1A3870,Blue,"(95,95,95)",Gray,"(26,26,26)",Black,101,1,2,3,1,2,2,1,1,N/A,N/A,N/A,N/A,N/A,9,2,1,White,White,N/A,N/A,N/A,N/A,N/A,N/A,N/A,N/A,N/A,N/A,N/A,Ducks,N/A,N/A,N/A,N/A,N/A,N/A,N/A,N/A,N/A,N/A,1,2,2,N/A,Yes,N/A,1,3,2,2,1,2,3,1,1,1,1,1,N/A,26,1,2,1,1,1,3,2,1,3,2,2,N/A,N/A,N/A,N/A,Primary,N/A,N/A,12,2,3,2,2,3,2,3,N/A,N/A,N/A,N/A,N/A,1,2,N/A,N/A,N/A,N/A,N/A,N/A,3,1,2,3,N/A,White,1,1,N/A,Yes,N/A,White,1,2,1,White,1,2,White,White,White,White,White,N/A,26,White,1,White,White,White,2,White,1,2,1,1,N/A,N/A,N/A,N/A,Primary,N/A,N/A,12,1,2,1,1,2,1,2,N/A,N/A,N/A,N/A,N/A,1,1,N/A,N/A,N/A,N/A,N/A,N/A,3,White,1,2,N/A,2,1,1,N/A,Yes,N/A,2,White,1,White,2,1,White,2,2,2,White,1,N/A,26,2,1,2,2,2,White,2,1,White,1,1,N/A,N/A,N/A,N/A,Secondary,Primary,Primary,12,1,White,White,1,White,1,White,N/A,N/A,N/A,N/A,N/A,1,1,N/A,N/A,N/A,N/A,N/A,N/A,3,2,White,1,N/A,3,1,2,1,1,2,3,1,1,1,2,1,1,1,3,2,1,3,2,LED,1,6,1,2,3,Black,66,Primary,6,N/A,8,1,1,1,N/A,Scoreboard Smoke 1,1,Fish,Box,1,1,N/A,Scoreboard Smoke 1,1,Tidal Effect,1,USA,10,3,Tunnel Of Celly,On,"Treble (Boat Horn 2), 3 Blasts (MsSsL), Flare (Whale Spout)",Hard Rock - Get Rocked,Dubstep - Pixel,Pop - Flights Of Fancy,Hammer,32,Yes,8,1,2,1,1,1,3,2,N/A,N/A,N/A,N/A,N/A,1,1,2,1,1,1,3,Chris
Ghosts,Indianapolis,Ghosts,Goats,IND,GEICO Garden,Yes,10,10,10,0.0%,0.0%,Elite,Large,Hardcore,Hardcore,Elite,Elite,3,3,3,3,"(16,241,201)",#10F1C9,Cyan,"(26,26,26)",Black,"(232,232,232)",White,8,1,2,1,3,3,1,2,2,1,N/A,N/A,N/A,N/A,8,1,2,2,3,3,1,2,2,1,N/A,N/A,N/A,N/A,N/A,N/A,Ducks,N/A,N/A,N/A,N/A,N/A,N/A,N/A,N/A,N/A,N/A,1,2,2,Primary,Yes,N/A,1,1,2,2,1,2,3,1,1,1,2,1,N/A,28,1,2,1,1,2,3,2,3,3,1,1,N/A,N/A,N/A,N/A,Primary,N/A,N/A,13,2,3,2,2,3,2,3,N/A,N/A,N/A,N/A,N/A,1,2,N/A,N/A,N/A,N/A,N/A,N/A,11,1,2,3,N/A,3,3,2,Primary,Yes,N/A,3,3,2,2,3,1,2,3,3,3,2,3,N/A,28,3,1,3,2,3,2,1,2,3,3,3,N/A,N/A,N/A,N/A,Secondary,N/A,N/A,13,2,1,2,2,1,2,1,N/A,N/A,N/A,N/A,N/A,1,1,N/A,N/A,N/A,N/A,N/A,N/A,11,3,1,2,N/A,2,1,1,N/A,Yes,N/A,2,1,2,1,2,2,1,2,2,2,1,2,N/A,28,2,2,1,1,2,1,1,2,1,2,2,N/A,N/A,N/A,N/A,Primary,N/A,N/A,13,1,2,1,2,1,1,2,N/A,N/A,N/A,N/A,N/A,1,2,N/A,N/A,N/A,N/A,N/A,N/A,11,2,1,2,N/A,7,1,1,1,1,2,3,1,1,1,3,2,1,1,3,2,1,3,2,LED,1,1,1,2,3,White,66,Primary,6,N/A,5,1,2,1,N/A,Goal Light Smoke,1,Hats,Box,1,1,N/A,Scoreboard Smoke 1,1,Boom Box,1,USA,15,1,Team Salute,On,"Treble (Air Horn 1), 3 Blasts (MsMsM), Flare (Alarm 2)",Electronic - Light The Lamp,Dubstep - Pixel,Hip Hop - Tear It Down,Spooky,52,Yes,5,1,2,1,1,N/A,N/A,N/A,N/A,N/A,N/A,N/A,N/A,1,1,2,1,1,1,2,Ryan
Rebels,Iowa,Rebels,Rebels,IOA,Quaker Oats Complex,Yes,10,10,10,0.0%,0.0%,Elite,Large,Hardcore,Hardcore,Elite,Elite,3,3,3,3,"(158,11,15)",#9E0B0F,Red,"(232,232,232)",White,"(218,86,58)",Salmon,138,3,Black,2,1,N/A,N/A,N/A,N/A,N/A,N/A,N/A,N/A,N/A,138,3,Black,1,1,N/A,N/A,N/A,N/A,N/A,N/A,N/A,N/A,N/A,N/A,N/A,Ducks,N/A,N/A,N/A,N/A,N/A,N/A,N/A,N/A,N/A,N/A,1,2,3,N/A,Yes,N/A,1,3,2,3,1,3,2,1,1,1,1,1,N/A,41,1,3,1,2,2,2,2,3,1,2,2,1,N/A,N/A,N/A,Primary,N/A,N/A,28,2,3,2,2,2,N/A,N/A,N/A,N/A,N/A,N/A,N/A,1,1,N/A,N/A,N/A,N/A,N/A,N/A,3,1,3,2,N/A,2,2,1,Secondary,Yes,N/A,2,1,3,1,2,1,3,2,2,2,2,2,N/A,41,2,1,3,2,3,1,3,1,2,2,2,1,N/A,N/A,N/A,Primary,N/A,N/A,28,1,3,1,2,1,N/A,N/A,N/A,N/A,N/A,N/A,N/A,1,1,N/A,N/A,N/A,N/A,N/A,N/A,3,2,1,3,N/A,3,1,1,N/A,Yes,N/A,3,1,3,1,3,3,1,3,3,3,1,3,N/A,41,3,3,3,1,1,1,1,1,3,1,1,3,N/A,N/A,N/A,Secondary,N/A,N/A,28,1,3,1,1,1,N/A,N/A,N/A,N/A,N/A,N/A,N/A,1,1,N/A,N/A,N/A,N/A,N/A,N/A,3,3,3,1,N/A,1,1,1,1,1,3,2,1,1,1,2,1,2,1,3,1,1,3,3,LED,1,7,1,2,3,Black,66,Primary,1,N/A,8,1,2,2,N/A,Goal Light Smoke,1,Hats,Classic,1,1,N/A,Scoreboard Smoke 1,1,Firestorm,1,USA,13,4,Tunnel Of Celly,On,"Bass (Truck 3), 3 Blasts (MlSsL), Flare (Glass Shatter)",Electronic - Let The Bass Drum,Dubstep - Pixel,Country - Dynamite Fishing,Trouble,17,Yes,13,1,3,1,3,1,2,2,3,N/A,N/A,N/A,N/A,1,1,3,3,2,1,3,Chris
Blood Hounds,Jacksonville,Blood Hounds,Hounds,JAX,Skittles Arena,Yes,10,10,10,0.0%,0.0%,Elite,Large,Hardcore,Hardcore,Elite,Elite,3,3,3,3,"(239,35,16)",#EF2310,Red,"(26,26,26)",Black,"(232,232,232)",White,34,1,2,3,2,3,2,1,1,N/A,N/A,N/A,N/A,N/A,34,1,2,1,2,2,1,1,1,N/A,N/A,N/A,N/A,N/A,N/A,N/A,Ducks,N/A,N/A,N/A,N/A,N/A,N/A,N/A,N/A,N/A,N/A,1,2,3,Primary,Yes,N/A,1,2,3,2,1,2,3,1,1,1,2,3,N/A,20,1,2,1,3,1,3,2,3,2,1,1,2,3,N/A,N/A,Primary,N/A,N/A,17,2,1,3,3,2,1,3,2,1,2,N/A,N/A,1,2,N/A,N/A,N/A,N/A,N/A,N/A,12,1,2,3,N/A,3,1,2,Primary,Yes,N/A,3,3,3,1,3,2,1,3,3,3,3,3,N/A,20,3,1,3,2,3,3,1,2,3,3,3,1,2,N/A,N/A,Primary,N/A,N/A,17,1,3,2,2,1,3,2,1,3,2,N/A,N/A,1,1,N/A,N/A,N/A,N/A,N/A,N/A,12,3,3,2,N/A,2,1,1,Secondary,Yes,N/A,2,1,2,1,2,1,2,2,2,2,2,2,N/A,20,2,1,2,2,1,1,2,1,2,2,1,2,1,N/A,N/A,Secondary,N/A,N/A,17,1,2,1,1,2,1,1,1,2,1,N/A,N/A,1,1,N/A,N/A,N/A,N/A,N/A,N/A,12,2,2,1,N/A,9,1,2,1,1,2,3,2,1,1,3,1,2,1,3,2,2,3,1,LED,1,7,1,2,3,Black,66,Primary,6,N/A,7,1,1,1,N/A,Scoreboard Fire 3,1,Hats,Bar,1,1,N/A,Scoreboard Smoke 1,1,Firestorm,1,USA,3,2,Board Smash,On,"Bass (Ship Horn 1), 3 Blasts (MsSsL), Flare (Growl)",Punk Rock - The Moon,Dubstep - Pixel,Rock - Raw Talent,Hound,79,Yes,3,1,1,2,1,2,3,1,2,1,1,2,N/A,1,1,3,2,3,1,2,Ryan
Metrostars,Kansas City,Metrostars,Stars,KC,Nissan Megadome,Yes,10,10,10,0.0%,0.0%,Elite,Large,Hardcore,Hardcore,Elite,Elite,3,3,3,3,"(0,88,38)",#005826,Green,"(26,26,26)",Black,"(232,232,232)",White,13,1,2,3,3,3,3,N/A,N/A,N/A,N/A,N/A,N/A,N/A,13,1,2,1,1,Red,3,N/A,N/A,N/A,N/A,N/A,N/A,N/A,N/A,N/A,Ducks,N/A,N/A,N/A,N/A,N/A,N/A,N/A,N/A,N/A,N/A,1,2,3,Primary,Yes,N/A,1,2,3,1,1,2,3,1,1,1,1,1,N/A,8,1,2,1,3,1,3,2,3,2,1,1,2,2,N/A,N/A,Primary,N/A,N/A,16,2,3,3,1,3,2,3,N/A,N/A,N/A,N/A,N/A,1,2,N/A,N/A,N/A,N/A,N/A,N/A,22,1,3,2,N/A,3,3,1,Primary,Yes,N/A,3,2,1,1,3,1,2,3,3,3,3,3,N/A,8,3,1,3,3,3,2,2,1,3,1,2,3,3,N/A,N/A,Primary,N/A,N/A,16,1,2,2,3,2,1,2,N/A,N/A,N/A,N/A,N/A,1,1,N/A,N/A,N/A,N/A,N/A,N/A,22,3,1,2,N/A,N/A,N/A,N/A,Secondary,Yes,Dark Green,2,2,1,1,2,2,1,2,2,2,2,1,N/A,8,2,1,2,2,2,2,2,1,2,2,2,1,2,N/A,N/A,Secondary,N/A,N/A,16,1,2,3,2,1,2,3,N/A,N/A,N/A,N/A,N/A,1,1,N/A,N/A,N/A,N/A,N/A,N/A,22,2,2,1,N/A,10,3,2,1,1,2,3,2,1,1,1,1,1,1,3,2,1,3,2,LED,1,4,1,2,3,Black,66,Primary,6,N/A,8,1,4,3,1,Scoreboard Fire 3,1,Hats,Bar,1,3,N/A,Scoreboard Fire 3,1,Boom Box,1,USA,4,2,Chain Reaction,On,"Treble (Boat Horn 4), 2 Blasts (LsLs)",Electronic - Red Tribe,Dubstep - Pixel,Hard Rock - Crash,Goblin,48,Yes,4,1,2,2,2,3,1,2,N/A,N/A,N/A,N/A,N/A,1,1,2,2,3,1,2,Ryan
Vipers,Las Vegas,Vipers,Vipers,LV,Mr Clean Superdome,Yes,10,10,10,0.0%,0.0%,Elite,Large,Hardcore,Hardcore,Elite,Elite,3,3,3,3,"(255,242,0)",#FFF200,Yellow,"(26,26,26)",Black,"(232,232,232)",White,123,1,2,3,Dark Yellow,3,Dark Red,N/A,N/A,N/A,N/A,N/A,N/A,N/A,Ducks,N/A,N/A,N/A,N/A,N/A,N/A,N/A,N/A,N/A,N/A,N/A,N/A,N/A,N/A,N/A,Ducks,N/A,N/A,N/A,N/A,N/A,N/A,N/A,N/A,N/A,N/A,1,2,3,N/A,Yes,N/A,1,1,2,2,1,2,3,1,1,1,1,1,N/A,38,1,2,2,1,3,2,3,1,2,1,2,1,N/A,N/A,N/A,Primary,N/A,N/A,18,2,3,2,3,1,2,3,N/A,N/A,N/A,N/A,N/A,1,2,N/A,N/A,N/A,N/A,N/A,N/A,15,1,2,3,N/A,3,3,2,N/A,Yes,N/A,1,1,2,1,1,3,2,1,1,1,1,1,N/A,38,3,1,2,2,2,2,1,3,1,2,2,1,N/A,N/A,N/A,Primary,N/A,N/A,18,1,2,2,1,2,1,2,N/A,N/A,N/A,N/A,N/A,1,3,N/A,N/A,N/A,N/A,N/A,N/A,15,3,1,2,N/A,1,2,2,N/A,Yes,N/A,2,1,2,1,2,2,1,2,2,2,1,2,N/A,60,2,1,2,2,1,1,2,2,1,1,2,1,N/A,N/A,N/A,Primary,N/A,N/A,10,2,1,2,1,2,1,1,2,2,2,N/A,N/A,1,1,N/A,N/A,N/A,N/A,N/A,N/A,6,2,1,2,N/A,2,1,1,1,1,2,3,1,1,1,2,1,4,1,2,1,1,3,2,LED,1,1,1,2,3,Black,66,Primary,1,N/A,7,1,1,1,N/A,Goal Light Smoke,1,Plastic Rats,Vertical LED,1,1,N/A,Scoreboard Smoke 1,1,Firestorm,1,USA,19,4,Board Smash,On,Preset Horn (Vibraslap),Miscellaneous - Salsa Hot,Dubstep - Pixel,Pop - Gameboy,Snake Eyes,11,Yes,21,1,2,Dark Red,3,3,2,N/A,N/A,N/A,N/A,N/A,N/A,1,1,2,2,3,1,2,Ben
Lumberjacks,Lincoln,Lumberjacks,Lumberjacks,LIN,Deer Park Center,Yes,10,10,10,0.0%,0.0%,Elite,Large,Hardcore,Hardcore,Elite,Elite,3,3,3,3,"(195,94,2)",#C35E02,Orange,"(26,26,26)",Black,"(232,232,232)",White,14,1,2,3,3,2,3,1,3,N/A,N/A,N/A,N/A,N/A,Ducks,N/A,N/A,N/A,N/A,N/A,N/A,N/A,N/A,N/A,N/A,N/A,N/A,N/A,N/A,N/A,Ducks,N/A,N/A,N/A,N/A,N/A,N/A,N/A,N/A,N/A,N/A,1,2,2,Primary,Yes,N/A,1,1,2,2,1,2,3,1,1,1,1,1,N/A,13,1,2,1,2,1,2,2,1,2,2,2,N/A,N/A,N/A,N/A,Primary,N/A,N/A,3,2,3,2,2,1,1,2,3,N/A,N/A,N/A,N/A,1,2,N/A,N/A,N/A,N/A,N/A,N/A,5,1,2,2,3,3,3,2,Primary,Yes,N/A,3,1,2,1,3,1,3,3,3,3,1,2,N/A,13,3,1,3,2,3,2,1,3,3,3,3,N/A,N/A,N/A,N/A,Primary,N/A,N/A,3,1,2,1,2,3,2,1,2,N/A,N/A,N/A,N/A,1,1,N/A,N/A,N/A,N/A,N/A,N/A,5,3,1,2,2,2,2,1,Primary,Yes,N/A,2,1,2,1,2,2,1,2,2,3,3,3,N/A,13,2,2,1,1,2,1,1,2,1,1,2,N/A,N/A,N/A,N/A,Primary,N/A,N/A,3,1,2,1,2,2,1,2,1,N/A,N/A,N/A,N/A,1,2,N/A,N/A,N/A,N/A,N/A,N/A,5,2,2,1,1,2,1,1,1,1,2,3,2,1,1,3,1,1,1,3,2,1,3,2,LED,1,2,1,2,3,Black,66,Primary,1,N/A,5,1,1,1,N/A,Scoreboard Fire 3,1,Hats,Bar,1,1,N/A,Scoreboard Fire 3,1,Geo Warp,1,USA,13,2,Limbo,On,"Bass (Fog Horn 2), 2 Blasts (MsLs)",Hard Rock - Rev Er Up,Dubstep - Pixel,Punk Rock - The Party Scene,Timber,98,Yes,14,1,2,3,1,3,1,2,2,3,N/A,N/A,N/A,1,1,2,2,2,1,2,Ryan
Blizzard,Long Island,Blizzard,Blizzards,LI,Microsoft Ice Palace,Yes,10,10,10,0.0%,0.0%,Elite,Large,Hardcore,Hardcore,Elite,Elite,3,3,3,3,"(30,183,213)",#1EB7D5,Light Blue,"(232,232,232)",White,"(24,26,233)",Blue,61,3,1,3,2,1,1,N/A,N/A,N/A,N/A,N/A,N/A,N/A,Ducks,N/A,N/A,N/A,N/A,N/A,N/A,N/A,N/A,N/A,N/A,N/A,N/A,N/A,N/A,N/A,Ducks,N/A,N/A,N/A,N/A,N/A,N/A,N/A,N/A,N/A,N/A,1,3,3,N/A,Yes,N/A,1,3,2,1,1,3,2,1,1,1,1,1,N/A,73,1,2,1,3,3,3,2,3,3,3,3,3,1,3,N/A,Primary,N/A,N/A,36,2,3,3,3,2,3,2,N/A,N/A,N/A,N/A,N/A,16,1,2,3,N/A,N/A,N/A,N/A,14,1,3,2,1,2,1,3,Primary,Yes,N/A,2,1,3,3,2,1,3,2,2,2,2,2,N/A,73,2,1,2,2,3,1,3,1,2,1,1,1,2,3,N/A,Primary,N/A,N/A,36,3,1,3,3,1,3,1,N/A,N/A,N/A,N/A,N/A,16,2,3,1,N/A,N/A,N/A,N/A,14,2,1,3,2,3,1,1,N/A,Yes,N/A,3,1,2,1,3,3,1,3,3,3,3,3,N/A,73,3,1,3,3,2,2,3,1,3,3,1,1,3,1,N/A,Primary,N/A,N/A,36,1,2,2,1,2,1,2,N/A,N/A,N/A,N/A,N/A,16,3,2,1,N/A,N/A,N/A,N/A,14,3,1,2,3,5,1,3,1,1,2,3,1,1,1,2,1,3,1,3,2,1,3,3,LED,1,10,1,2,3,White,66,Primary,6,N/A,7,1,3,1,2,Goal Light Smoke,1,Hats,Box,5,1,N/A,Scoreboard Smoke 1,1,Frost,1,USA,14,2,Team Salute,On,Preset Horn (Timpani Roll),Hard Rock - Public Enemies,Dubstep - Pixel,Electronic - One Shot,Snowball,28,Yes,5,1,2,1,3,N/A,N/A,N/A,N/A,N/A,N/A,N/A,N/A,4,1,2,1,3,N/A,N/A,Chris
Cannons,Memphis,Cannons,Canadiens,MEM,Nationwide Garden,Yes,10,10,10,0.0%,0.0%,Elite,Large,Hardcore,Hardcore,Elite,Elite,3,3,3,3,"(26,26,26)",#1A1A1A,Black,"(241,16,16)",Red,"(232,232,232)",White,118,1,1,2,2,3,2,N/A,N/A,N/A,N/A,N/A,N/A,N/A,167,1,1,2,2,2,2,N/A,N/A,N/A,N/A,N/A,N/A,N/A,N/A,N/A,Ducks,N/A,N/A,N/A,N/A,N/A,N/A,N/A,N/A,N/A,N/A,1,1,2,Primary,Yes,N/A,1,3,2,1,1,1,2,1,1,1,1,1,N/A,30,1,1,1,2,1,2,2,3,2,1,2,1,2,3,N/A,Primary,N/A,N/A,30,2,3,3,2,3,2,3,N/A,N/A,N/A,N/A,N/A,8,1,2,3,N/A,N/A,Secondary,Secondary,11,1,2,3,N/A,3,2,1,Primary,Yes,N/A,3,1,2,1,3,1,2,1,1,3,1,2,N/A,30,3,2,3,1,3,1,3,1,2,3,1,2,3,1,N/A,Primary,N/A,N/A,30,1,1,1,2,1,1,1,N/A,N/A,N/A,N/A,N/A,8,3,1,2,N/A,N/A,Secondary,Secondary,11,3,1,2,N/A,2,1,1,Primary,Yes,N/A,2,1,2,1,2,1,2,2,2,2,1,2,N/A,30,2,2,2,1,2,1,1,1,2,1,2,1,2,1,N/A,Secondary,Primary,Primary,30,1,1,1,1,1,1,1,N/A,N/A,N/A,N/A,N/A,8,2,2,1,N/A,N/A,Primary,Primary,11,2,1,2,N/A,8,1,1,1,1,2,3,1,2,2,1,2,2,1,3,2,2,3,1,LED,2,10,1,2,3,Black,66,Primary,6,N/A,3,2,1,2,N/A,Scoreboard Fire 3,1,Hats,Bar,1,2,N/A,Scoreboard Fire 3,2,8Bit Game,2,USA,14,2,Board Smash,On,"Mid (Air Horn 2), 3 Blasts (MsSsL)",Hip Hop - Brooklyn Fighter,Dubstep - Pixel,Rock - Won't Back Down,Trooper,19,Yes,5,1,2,1,1,N/A,N/A,N/A,N/A,N/A,N/A,N/A,N/A,1,1,2,2,3,1,2,Ryan
Miners,Montana,Miners,Misfits,MON,Food Lion Arena,Yes,10,10,10,0.0%,0.0%,Elite,Large,Hardcore,Hardcore,Elite,Elite,3,3,3,3,"(241,188,16)",#F1BC10,Gold,"(26,26,26)",Black,"(232,232,232)",White,52,1,2,3,2,3,3,1,1,N/A,N/A,N/A,N/A,N/A,"Handscript Font, Plain Text - M",1,2,3,N/A,N/A,N/A,N/A,N/A,N/A,N/A,N/A,N/A,N/A,N/A,N/A,Ducks,N/A,N/A,N/A,N/A,N/A,N/A,N/A,N/A,N/A,N/A,1,2,2,N/A,Yes,N/A,1,3,2,2,1,2,3,1,1,1,1,1,N/A,72,1,2,1,1,3,1,1,2,2,1,2,N/A,N/A,N/A,N/A,Primary,N/A,N/A,38,2,3,2,1,3,2,3,N/A,N/A,N/A,N/A,N/A,1,2,N/A,N/A,N/A,N/A,N/A,N/A,26,1,2,N/A,N/A,3,3,2,N/A,Yes,N/A,3,1,2,2,3,1,2,3,3,3,3,3,N/A,72,3,1,3,2,2,3,3,3,3,1,2,N/A,N/A,N/A,N/A,Primary,N/A,N/A,38,2,1,2,3,2,2,1,N/A,N/A,N/A,N/A,N/A,1,1,N/A,N/A,N/A,N/A,N/A,N/A,26,3,1,N/A,N/A,2,1,3,N/A,Yes,N/A,2,3,1,1,2,2,1,2,2,2,2,2,N/A,72,2,2,1,1,3,2,1,2,2,2,3,N/A,N/A,N/A,N/A,Secondary,Primary,Primary,38,1,3,1,1,3,1,3,N/A,N/A,N/A,N/A,N/A,1,2,N/A,N/A,N/A,N/A,N/A,N/A,26,2,1,N/A,N/A,8,1,1,1,1,2,3,1,1,1,2,1,1,1,2,1,1,3,2,LED,1,4,1,2,3,Black,66,Primary,1,N/A,3,1,1,1,N/A,Scoreboard Fire 3,1,Hats,Bar,1,1,N/A,Scoreboard Fire 3,1,Interdimensional,1,USA,14,2,Limbo,On,"Treble (Truck 1), 2 Blasts (LsLs)",Hard Rock - Heist,Dubstep - Pixel,Pop - In The Clouds,Golden,22,Yes,14,1,2,3,1,3,3,2,3,2,N/A,N/A,N/A,1,1,2,2,1,1,2,Ryan
Archers,Nevada,Archers,Armada,NVD,Supercell Superdome,Yes,10,10,10,0.0%,0.0%,Elite,Large,Hardcore,Hardcore,Elite,Elite,3,3,3,3,"(127,16,241)",#7F10F1,Purple,"(255,242,0)",Yellow,"(232,232,232)",White,"Modern Font - Arrow Background, A",2,1,2,1,2,2,N/A,N/A,N/A,N/A,N/A,N/A,N/A,"Modern Font, Plain Text - A",1,3,2,N/A,N/A,N/A,N/A,N/A,N/A,N/A,N/A,N/A,N/A,N/A,N/A,"Modern Font - Arrow Background, A",1,2,1,2,1,1,N/A,N/A,N/A,N/A,1,2,3,Secondary,Yes,N/A,1,1,2,1,1,1,3,1,1,1,1,1,N/A,89,1,1,1,2,3,2,2,1,1,3,N/A,N/A,N/A,N/A,N/A,Primary,N/A,N/A,5,2,2,2,2,N/A,N/A,N/A,N/A,N/A,N/A,N/A,N/A,1,2,N/A,N/A,N/A,N/A,N/A,N/A,18,1,2,3,N/A,3,3,1,Primary,Yes,N/A,3,1,2,1,3,1,3,1,1,1,1,3,N/A,89,3,1,3,2,2,1,2,1,2,2,N/A,N/A,N/A,N/A,N/A,Secondary,N/A,N/A,5,1,1,1,1,N/A,N/A,N/A,N/A,N/A,N/A,N/A,N/A,1,1,N/A,N/A,N/A,N/A,N/A,N/A,18,3,1,2,N/A,1,1,2,Primary,Yes,N/A,1,1,2,2,2,1,2,1,1,2,1,1,N/A,89,2,1,2,2,1,2,1,2,1,1,N/A,N/A,N/A,N/A,N/A,Tertiary,N/A,N/A,5,1,1,1,2,N/A,N/A,N/A,N/A,N/A,N/A,N/A,N/A,1,1,N/A,N/A,N/A,N/A,N/A,N/A,18,2,1,2,N/A,9,1,2,1,1,2,3,1,1,1,1,1,4,1,2,1,1,1,2,LED,1,1,1,2,3,Black,66,Primary,1,N/A,2,2,3,1,2,Scoreboard Fire 1,1,Hats,Vertical LED,4,1,2,Scoreboard Fire 1,1,Synthwave,1,USA,15,2,Tunnel Of Celly,On,Preset Horn (Nightingale),Electronic - Money Shot,Dubstep - Pixel,Miscellaneous - Frente A Frente,Archie,77,Yes,6,1,2,3,1,2,3,N/A,N/A,N/A,N/A,N/A,N/A,1,1,2,2,1,1,2,Chris
Whalers,New Orleans,Whalers,Whalers,NO,Heinz Fortress,Yes,10,10,10,0.0%,0.0%,Elite,Large,Hardcore,Hardcore,Elite,Elite,3,3,3,3,"(33,30,213)",#211ED5,Blue,"(232,232,232)",White,"(26,26,26)",Black,69,1,3,3,2,2,N/A,N/A,N/A,N/A,N/A,N/A,N/A,N/A,Ducks,N/A,N/A,N/A,N/A,N/A,N/A,N/A,N/A,N/A,N/A,N/A,N/A,N/A,N/A,N/A,Ducks,N/A,N/A,N/A,N/A,N/A,N/A,N/A,N/A,N/A,N/A,1,1,2,N/A,Yes,N/A,1,2,3,2,1,3,2,1,1,1,2,3,N/A,20,1,2,1,1,3,3,2,3,1,1,1,1,2,N/A,N/A,Primary,N/A,N/A,18,2,3,2,2,3,2,3,N/A,N/A,N/A,N/A,N/A,1,1,N/A,N/A,N/A,N/A,N/A,N/A,8,1,2,3,N/A,2,2,1,Primary,Yes,N/A,2,2,2,2,3,1,2,2,2,2,1,3,N/A,20,2,1,2,2,2,1,2,3,3,2,2,2,3,N/A,N/A,Primary,N/A,N/A,18,1,3,3,1,3,1,3,N/A,N/A,N/A,N/A,N/A,1,1,N/A,N/A,N/A,N/A,N/A,N/A,8,2,1,3,N/A,3,1,2,N/A,Yes,N/A,3,1,2,1,3,1,2,3,3,3,3,3,N/A,20,3,3,3,2,3,1,2,1,3,2,1,3,1,N/A,N/A,Primary,N/A,N/A,18,2,1,2,2,1,2,1,N/A,N/A,N/A,N/A,N/A,1,3,N/A,N/A,N/A,N/A,N/A,N/A,8,3,1,2,N/A,5,1,2,1,1,2,3,1,1,1,2,1,5,1,3,1,2,3,2,LED,1,6,1,2,3,Black,66,Primary,6,N/A,5,2,3,1,2,Goal Light Smoke,1,Fish,Vertical LED,1,1,N/A,Scoreboard Smoke 1,1,Tidal Effect,1,USA,10,3,Bowling,On,"Bass (Boat Horn 6), 2 Blasts (LlLs), Flare (Whale Call)",Hard Rock - Rupture,Dubstep - Pixel,Punk Rock - The Moon,Splash,93,Yes,8,1,2,3,1,1,3,2,N/A,N/A,N/A,N/A,N/A,1,1,2,3,2,1,2,Ryan
Steamrollers,New York,Steamrollers,Steamboats,NY,Pepsi Center,Yes,10,10,10,0.0%,0.0%,Elite,Large,Hardcore,Hardcore,Elite,Elite,3,3,3,3,"(49,49,49)",#313131,Gray,"(237,28,36)",Red,"(232,232,232)",White,161,2,Black,Black,2,2,2,N/A,N/A,N/A,N/A,N/A,N/A,N/A,Ducks,N/A,N/A,N/A,N/A,N/A,N/A,N/A,N/A,N/A,N/A,N/A,N/A,N/A,N/A,N/A,Ducks,N/A,N/A,N/A,N/A,N/A,N/A,N/A,N/A,N/A,N/A,1,2,3,N/A,Yes,N/A,1,3,2,2,1,2,3,1,1,1,1,1,N/A,40,1,1,2,2,3,1,1,1,2,N/A,N/A,N/A,N/A,N/A,N/A,Primary,N/A,N/A,1,2,3,3,2,3,2,3,N/A,N/A,N/A,N/A,N/A,6,1,2,3,N/A,N/A,N/A,N/A,31,1,2,3,N/A,3,1,2,N/A,Yes,N/A,3,2,1,2,3,3,1,3,3,3,3,3,N/A,40,3,1,3,3,2,3,3,3,1,N/A,N/A,N/A,N/A,N/A,N/A,Primary,N/A,N/A,1,2,1,1,3,2,1,2,N/A,N/A,N/A,N/A,N/A,6,3,1,2,N/A,N/A,N/A,N/A,31,3,1,2,N/A,2,1,3,N/A,Yes,N/A,2,1,3,3,2,1,3,2,2,2,1,3,N/A,40,2,2,1,1,3,1,1,1,1,N/A,N/A,N/A,N/A,N/A,N/A,Primary,N/A,N/A,1,3,1,3,1,3,3,1,N/A,N/A,N/A,N/A,N/A,6,2,1,3,N/A,N/A,N/A,N/A,31,2,1,3,N/A,1,1,2,1,1,2,3,2,2,2,3,2,2,1,2,1,2,1,3,LED,2,8,2,1,3,Black,66,Primary,6,N/A,7,2,1,2,N/A,Scoreboard Smoke 1,2,Hats,Classic,1,2,N/A,Goal Light Smoke,2,Geo Warp,2,USA,13,1,Team Salute,On,"Bass (Train Horn 1) + Treble (Boat Horn 6), 3 Blasts (SsSsL), Flare (Choo Choo Train)",Country - Calamity Jane,Dubstep - Pixel,Electronic - Got That Feeling,Roller,24,Yes,14,1,2,3,3,3,1,2,1,2,N/A,N/A,N/A,1,1,2,2,3,1,2,Chris
Bison,North Dakota,Bison,Bisons,ND,Weather Tech Arena,Yes,10,10,10,0.0%,0.0%,Elite,Large,Hardcore,Hardcore,Elite,Elite,3,3,3,3,"(0,114,54)",#007236,Green,"(118,118,118)",Gray,"(232,232,232)",White,12,1,2,2,1,3,1,1,N/A,N/A,N/A,N/A,N/A,N/A,Ducks,N/A,N/A,N/A,N/A,N/A,N/A,N/A,N/A,N/A,N/A,N/A,N/A,N/A,N/A,N/A,Ducks,N/A,N/A,N/A,N/A,N/A,N/A,N/A,N/A,N/A,N/A,1,Black,3,N/A,Yes,N/A,1,1,2,1,1,1,3,1,1,1,1,1,N/A,76,1,2,1,1,Black,2,Black,2,2,Black,Black,2,Black,N/A,N/A,Primary,N/A,N/A,8,2,Black,2,2,Black,2,Black,N/A,N/A,N/A,N/A,N/A,1,2,N/A,N/A,N/A,N/A,N/A,N/A,23,1,Black,2,N/A,3,1,2,N/A,Yes,N/A,3,1,2,1,1,2,3,3,3,3,3,3,N/A,76,3,1,3,3,2,2,1,1,2,1,1,2,1,N/A,N/A,Primary,N/A,N/A,8,1,2,2,1,2,1,1,N/A,N/A,N/A,N/A,N/A,1,1,N/A,N/A,N/A,N/A,N/A,N/A,23,3,1,2,N/A,N/A,N/A,N/A,N/A,Yes,Dark Green,N/A,N/A,N/A,N/A,N/A,N/A,N/A,N/A,N/A,N/A,N/A,N/A,Dark Green,64,2,2,2,1,1,1,2,2,2,N/A,N/A,N/A,N/A,N/A,N/A,Primary,N/A,N/A,21,1,3,Black,1,Black,3,1,3,Black,Black,Black,Black,1,1,N/A,N/A,N/A,N/A,N/A,N/A,13,2,1,N/A,N/A,1,1,2,1,1,2,3,1,1,1,2,1,1,1,3,2,1,3,2,LED,1,2,1,2,3,Black,66,Primary,6,N/A,6,1,1,1,N/A,Scoreboard Fire 3,1,Hats,Bar,1,1,N/A,Scoreboard Fire 3,1,Game Time,1,USA,15,2,Ride 'Em,On,"Bass (Boat Horn 2), 2 Blasts (MsLs)",Dubstep - Agitator,Dubstep - Pixel,Electronic - City Nights,Grazer,20,Yes,2,1,2,1,1,1,3,2,3,2,3,2,3,9,1,2,1,1,1,N/A,Ben
Twisters,Oklahoma,Twisters,Twisters,OKL,Burger King Arena,Yes,10,10,10,0.0%,0.0%,Elite,Large,Hardcore,Hardcore,Elite,Elite,3,3,3,3,"(77,45,36)",#4D2D24,Brown,"(232,232,232)",White,"(26,26,26)",Black,"ECHL, Cincinnati Cyclones",1,3,2,2,2,1,N/A,N/A,N/A,N/A,N/A,N/A,N/A,Ducks,N/A,N/A,N/A,N/A,N/A,N/A,N/A,N/A,N/A,N/A,N/A,N/A,N/A,N/A,N/A,Ducks,N/A,N/A,N/A,N/A,N/A,N/A,N/A,N/A,N/A,N/A,1,3,2,N/A,Yes,N/A,1,3,2,2,1,3,2,1,1,1,1,1,N/A,6,1,3,1,2,1,3,2,3,3,3,3,3,2,N/A,N/A,Primary,N/A,N/A,29,2,3,3,2,2,1,1,2,3,3,N/A,N/A,1,3,N/A,N/A,N/A,N/A,N/A,N/A,25,1,3,2,N/A,2,2,1,N/A,Yes,N/A,2,1,3,1,3,1,2,2,2,2,2,2,N/A,6,2,1,2,2,2,1,3,2,1,2,2,2,1,N/A,N/A,Primary,N/A,N/A,29,1,2,3,1,2,3,3,1,2,3,N/A,N/A,1,1,N/A,N/A,N/A,N/A,N/A,N/A,25,2,1,3,N/A,3,3,2,N/A,Yes,N/A,3,3,1,2,3,1,2,N/A,N/A,N/A,N/A,N/A,N/A,6,3,3,3,2,3,1,1,2,1,3,3,1,2,N/A,N/A,Primary,N/A,N/A,29,2,1,1,2,2,1,1,2,1,1,N/A,N/A,1,3,N/A,N/A,N/A,N/A,N/A,N/A,25,3,2,1,N/A,8,1,1,1,1,2,3,1,1,1,2,1,2,1,2,3,1,1,1,LED,1,8,1,2,3,Black,66,Primary,6,N/A,5,2,2,2,N/A,Scoreboard Smoke 1,1,Hats,Box,1,2,N/A,Scoreboard Smoke 1,1,Firestorm,1,USA,5,3,Chain Reaction,On,"Treble (Boat Horn 4), 3 Blasts (MsSsL), Flare (Tribal Drums 1)",Hard Rock - Take To The Stage,Dubstep - Pixel,Miscellaneous - Welcome To Salerno,Tornado,45,Yes,7,1,3,3,1,1,3,2,2,3,N/A,N/A,N/A,4,1,3,1,3,N/A,N/A,Chris
Destroyers,Philadelphia,Destroyers,Delusion,PHI,Patient First Stadium,Yes,10,10,10,0.0%,0.0%,Elite,Large,Hardcore,Hardcore,Elite,Elite,3,3,3,3,"(121,0,0)",#790000,Red,"(195,94,2)",Orange,"(232,232,232)",White,46,1,Black,3,2,N/A,N/A,N/A,N/A,N/A,N/A,N/A,N/A,N/A,46,1,Black,Black,2,N/A,N/A,N/A,N/A,N/A,N/A,N/A,N/A,N/A,N/A,N/A,Ducks,N/A,N/A,N/A,N/A,N/A,N/A,N/A,N/A,N/A,N/A,1,2,3,Primary,Yes,N/A,1,3,2,2,1,2,3,1,1,1,1,1,N/A,51,1,2,1,1,3,3,2,1,2,2,1,N/A,N/A,N/A,N/A,Primary,N/A,N/A,31,3,2,3,3,2,3,2,N/A,N/A,N/A,N/A,N/A,7,1,2,N/A,N/A,N/A,N/A,N/A,32,1,2,2,3,3,3,1,N/A,Yes,N/A,3,1,2,1,3,1,2,3,3,3,1,2,N/A,51,3,1,1,3,2,2,3,3,2,1,3,N/A,N/A,N/A,N/A,Primary,N/A,N/A,31,1,2,1,3,2,1,2,N/A,N/A,N/A,N/A,N/A,7,1,3,N/A,N/A,N/A,N/A,N/A,32,3,1,3,2,2,1,Black,N/A,Yes,N/A,2,Black,1,1,2,1,Black,2,2,2,Black,1,N/A,51,2,2,2,1,1,1,2,2,1,1,2,N/A,N/A,N/A,N/A,Secondary,N/A,N/A,31,1,Black,1,1,Black,1,Black,N/A,N/A,N/A,N/A,N/A,7,2,1,N/A,N/A,N/A,N/A,N/A,32,2,1,2,1,4,1,2,3,1,2,3,1,1,1,2,1,2,1,2,1,1,3,2,LED,1,2,1,2,3,Black,66,Primary,6,N/A,6,1,5,1,N/A,Scoreboard Smoke 1,1,Hats,Vertical LED,1,1,N/A,Lightning Coil,1,Firestorm,1,USA,9,4,Chain Reaction,On,"Mid (Boat Horn 8) + Treble (Firetruck 2), 2 Blasts (MlLs), Flare (Alarm 3)",Punk Rock - Supersoaker Summer,Dubstep - Pixel,Blues Jazz - Feelgood Frankie,Benno,30,Yes,20,1,2,1,2,2,3,2,N/A,N/A,N/A,N/A,N/A,1,1,2,3,1,1,2,Chris
Sea Lions,Portland,Sea Lions,Seagulls,POR,Kellogs Complex,Yes,10,10,10,0.0%,0.0%,Elite,Large,Hardcore,Hardcore,Elite,Elite,3,3,3,3,"(46,49,146)",#2E3192,Blue,"(26,26,26)",Black,"(232,232,232)",White,68,1,2,3,3,3,N/A,N/A,N/A,N/A,N/A,N/A,N/A,N/A,Ducks,N/A,N/A,N/A,N/A,N/A,N/A,N/A,N/A,N/A,N/A,N/A,N/A,N/A,N/A,N/A,Ducks,N/A,N/A,N/A,N/A,N/A,N/A,N/A,N/A,N/A,N/A,1,2,3,N/A,Yes,N/A,1,3,2,3,1,3,2,1,1,1,1,1,N/A,2,1,2,1,1,2,3,1,3,3,1,1,N/A,N/A,N/A,N/A,Primary,N/A,N/A,14,3,2,2,3,3,2,2,3,2,2,N/A,N/A,1,2,N/A,N/A,N/A,N/A,N/A,N/A,1,1,3,2,N/A,3,3,1,N/A,Yes,N/A,3,2,1,1,3,1,2,3,3,3,3,3,N/A,2,3,1,3,3,1,2,3,2,2,3,3,N/A,N/A,N/A,N/A,Primary,N/A,N/A,14,1,3,2,3,1,3,2,1,3,2,N/A,N/A,1,1,N/A,N/A,N/A,N/A,N/A,N/A,1,3,2,1,N/A,2,1,1,Primary,Yes,N/A,2,1,3,1,2,1,3,2,2,2,2,2,N/A,2,2,1,2,2,1,3,2,1,3,2,2,N/A,N/A,N/A,N/A,Primary,N/A,N/A,14,3,2,1,3,1,3,3,1,3,3,N/A,N/A,1,1,N/A,N/A,N/A,N/A,N/A,N/A,1,2,3,1,N/A,5,1,1,1,1,3,2,1,1,1,3,1,1,1,3,1,2,1,2,LED,1,1,1,3,2,White,66,Primary,1,N/A,8,1,1,1,N/A,Scoreboard Smoke 1,1,Fish,Bar,1,1,N/A,Scoreboard Smoke 1,1,Tidal Effect,1,USA,14,2,Team Salute,On,"Bass (Truck 1), 2 Blasts (SsLs)",Dubstep - Sneakcharmer,Dubstep - Pixel,Electronic - Cloudburst,Seal,96,Yes,8,1,3,1,1,1,2,3,N/A,N/A,N/A,N/A,N/A,1,1,2,3,1,1,3,Chris
Toros,Puerto Rico,Toros,Tornadoes,PR,Estadio Xfinity,Yes,10,10,10,0.0%,0.0%,Elite,Large,Hardcore,Hardcore,Elite,Elite,3,3,3,3,"(241,177,16)",#F1B110,Yellow,"(72,72,72)",Gray,"(200,34,34)",Red,117,1,Black,White,1,White,White,3,N/A,N/A,N/A,N/A,N/A,N/A,Ducks,N/A,N/A,N/A,N/A,N/A,N/A,N/A,N/A,N/A,N/A,N/A,N/A,N/A,N/A,N/A,Ducks,N/A,N/A,N/A,N/A,N/A,N/A,N/A,N/A,N/A,N/A,1,Black,White,N/A,Yes,N/A,1,1,2,1,1,2,3,1,1,1,1,1,N/A,69,1,1,Black,2,3,Black,2,2,1,Black,Black,1,N/A,N/A,N/A,Primary,N/A,N/A,26,Black,White,Black,White,White,3,Black,White,N/A,N/A,N/A,N/A,1,Black,N/A,N/A,N/A,N/A,N/A,N/A,20,1,3,2,N/A,White,White,Black,N/A,Yes,N/A,1,1,2,1,1,2,3,1,1,1,1,1,N/A,69,White,Black,1,1,White,3,2,2,1,2,1,2,N/A,N/A,N/A,Primary,N/A,N/A,26,2,1,2,1,2,3,2,1,N/A,N/A,N/A,N/A,1,Black,N/A,N/A,N/A,N/A,N/A,N/A,20,White,1,3,N/A,N/A,N/A,N/A,N/A,Yes,Gold,N/A,N/A,N/A,N/A,N/A,N/A,N/A,N/A,N/A,N/A,N/A,N/A,Gold,69,2,Black,2,1,3,1,Black,Black,3,Black,Black,Black,N/A,N/A,N/A,Primary,N/A,N/A,26,1,3,1,3,1,3,2,3,N/A,N/A,N/A,N/A,1,2,N/A,N/A,N/A,N/A,N/A,N/A,20,2,1,3,N/A,2,1,1,1,1,2,3,1,1,1,2,1,4,1,2,1,1,3,2,LED,1,8,1,2,3,Black,66,Primary,1,N/A,7,1,7,3,1,Goal Light Smoke,1,Hats,Bar,4,1,3,Scoreboard Fire 1,1,Firestorm,1,USA,14,1,Bowling,On,"Bass (Fog Horn 2) + Mid (Air Horn 3), 3 Blasts (MsMlL), Flare (Bugle 2)",Miscellaneous - Fiesta,Dubstep - Pixel,Miscellaneous - Heat Rio,Rico,51,Yes,2,1,2,1,1,1,3,2,3,2,3,2,3,2,1,2,2,N/A,N/A,N/A,Ben
Wildcats,Raleigh,Wildcats,Wildcats,RAL,FedEx Arena,Yes,10,10,10,0.0%,0.0%,Elite,Large,Hardcore,Hardcore,Elite,Elite,3,3,3,3,"(16,241,50)",#10F132,Green,"(214,239,16)",Yellow,"(26,26,26)",Black,4,1,3,White,2,White,Red,Red,N/A,N/A,N/A,N/A,N/A,N/A,Ducks,N/A,N/A,N/A,N/A,N/A,N/A,N/A,N/A,N/A,N/A,N/A,N/A,N/A,N/A,N/A,Ducks,N/A,N/A,N/A,N/A,N/A,N/A,N/A,N/A,N/A,N/A,1,2,3,N/A,Yes,N/A,1,3,2,2,1,2,3,1,1,1,1,1,N/A,88,1,2,1,3,3,2,2,2,2,2,2,2,N/A,N/A,N/A,Primary,N/A,N/A,33,3,3,3,3,N/A,N/A,N/A,N/A,N/A,N/A,N/A,N/A,10,1,1,2,3,2,N/A,N/A,15,1,2,3,N/A,White,1,3,N/A,Yes,N/A,White,1,2,1,White,White,1,White,White,White,White,White,N/A,88,White,1,White,3,1,2,2,2,1,1,1,White,N/A,N/A,N/A,Primary,N/A,N/A,33,3,3,3,3,N/A,N/A,N/A,N/A,N/A,N/A,N/A,N/A,10,White,1,White,2,1,N/A,N/A,15,White,1,2,N/A,3,3,1,N/A,Yes,N/A,3,1,2,1,3,3,1,3,3,3,2,1,N/A,88,3,1,3,3,1,2,2,1,3,3,3,2,N/A,N/A,N/A,Primary,N/A,N/A,33,1,1,1,1,N/A,N/A,N/A,N/A,N/A,N/A,N/A,N/A,10,3,1,2,3,1,N/A,N/A,15,3,1,3,N/A,6,1,2,1,1,2,3,1,1,2,3,1,1,1,3,2,1,3,2,LED,1,8,1,2,3,Black,66,Primary,6,N/A,7,1,7,2,1,Scoreboard Smoke 1,1,Plastic Rats,Bar,6,2,1,Scoreboard Fire 3,1,Geo Warp,1,USA,20,3,Limbo,On,Preset Horn (Kazoo),Rock - Burn Rubber,Dubstep - Pixel,Pop - Delorean,Growler,37,Yes,12,1,2,1,3,1,3,Red,White,2,3,2,3,1,1,2,3,1,1,3,Ryan
Robbers,Richmond,Robbers,Robbers,RCH,Kay Jewelers Arena,Yes,10,10,10,0.0%,0.0%,Elite,Large,Hardcore,Hardcore,Elite,Elite,3,3,3,3,"(237,28,36)",#ED1C24,Red,"(232,232,232)",White,"(26,26,26)",Black,110,1,3,2,3,N/A,N/A,N/A,N/A,N/A,N/A,N/A,N/A,N/A,Ducks,N/A,N/A,N/A,N/A,N/A,N/A,N/A,N/A,N/A,N/A,N/A,N/A,N/A,N/A,N/A,Ducks,N/A,N/A,N/A,N/A,N/A,N/A,N/A,N/A,N/A,N/A,1,2,3,N/A,Yes,N/A,1,3,2,2,1,3,2,1,1,1,1,1,N/A,38,1,3,1,2,2,2,3,2,1,3,3,2,N/A,N/A,N/A,Primary,N/A,N/A,12,2,3,2,2,3,2,3,N/A,N/A,N/A,N/A,N/A,17,1,2,3,3,N/A,N/A,N/A,31,1,2,3,N/A,2,2,3,N/A,Yes,N/A,2,1,3,1,2,1,3,2,2,2,2,2,N/A,38,2,1,2,2,3,1,1,3,2,3,3,2,N/A,N/A,N/A,Primary,N/A,N/A,12,3,1,3,1,3,1,3,N/A,N/A,N/A,N/A,N/A,17,2,1,3,3,N/A,N/A,N/A,31,2,1,3,N/A,3,1,2,N/A,Yes,N/A,3,1,2,1,1,2,3,3,3,3,1,2,N/A,38,3,1,1,3,2,3,3,2,3,1,1,3,N/A,N/A,N/A,Primary,N/A,N/A,12,2,1,2,2,3,2,1,N/A,N/A,N/A,N/A,N/A,17,3,1,2,2,N/A,N/A,N/A,31,3,1,2,N/A,1,1,1,1,1,2,3,1,1,1,2,1,1,1,2,3,1,1,1,LED,1,2,1,2,3,Black,66,Primary,1,N/A,6,1,1,1,N/A,Scoreboard Fire 3,1,Hats,Box,1,1,N/A,Scoreboard Fire 3,1,Firestorm,1,USA,1,2,Bowling,On,"Bass (Air Horn 1) + Treble (Police Horn 1), 3 Blasts (MsSsL)",Electronic - Go Outside,Dubstep - Pixel,Dubstep - Mammoth,Robert,62,Yes,1,1,2,1,1,1,3,2,3,N/A,N/A,N/A,N/A,1,1,2,3,1,1,3,Chris
Bandits,San Antonio,Bandits,Bandits,SAN,Breyers Rink,Yes,10,10,10,0.0%,0.0%,Elite,Large,Hardcore,Hardcore,Elite,Elite,3,3,3,3,"(121,0,0)",#790000,Red,"(26,26,26)",Black,"(232,232,232)",White,111,1,2,3,1,3,Silver,1,1,N/A,N/A,N/A,N/A,N/A,111,Purple,2,3,2,3,Silver,3,Orange,N/A,N/A,N/A,N/A,N/A,N/A,N/A,Ducks,N/A,N/A,N/A,N/A,N/A,N/A,N/A,N/A,N/A,N/A,1,2,3,N/A,Yes,N/A,1,1,2,1,1,1,3,1,1,1,1,1,N/A,86,1,1,1,2,2,2,1,1,1,N/A,N/A,N/A,N/A,N/A,N/A,Primary,N/A,N/A,23,3,3,3,3,N/A,N/A,N/A,N/A,N/A,N/A,N/A,N/A,1,2,N/A,N/A,N/A,N/A,N/A,N/A,31,1,3,2,N/A,3,3,2,N/A,Yes,N/A,1,1,2,1,1,1,3,1,1,1,1,1,N/A,86,3,1,1,3,2,2,1,1,1,N/A,N/A,N/A,N/A,N/A,N/A,Primary,N/A,N/A,23,2,2,3,1,N/A,N/A,N/A,N/A,N/A,N/A,N/A,N/A,1,1,N/A,N/A,N/A,N/A,N/A,N/A,31,3,1,2,N/A,2,2,1,N/A,Yes,2,2,2,2,2,2,3,2,2,2,2,2,2,N/A,37,Purple,Purple,Purple,Orange,3,Purple,Orange,Orange,Purple,Purple,Orange,N/A,N/A,N/A,N/A,Secondary,N/A,N/A,1,Orange,3,3,Orange,3,3,2,N/A,N/A,N/A,N/A,N/A,1,2,N/A,N/A,N/A,N/A,N/A,N/A,31,Purple,3,Orange,N/A,9,1,1,1,1,3,2,1,1,1,3,1,5,1,3,2,1,1,1,LED,1,4,1,3,2,Black,66,Primary,6,N/A,3,1,1,1,N/A,Goal Light Smoke,1,Hats,Bar,1,1,N/A,Scoreboard Smoke 1,1,8Bit Game,1,USA,1,3,Ride 'Em,On,Preset Horn (Siren 1),Country - No Misery,Dubstep - Pixel,Rock - Glory Road,Thief,67,Yes,1,1,3,1,1,1,3,3,2,N/A,N/A,N/A,N/A,1,1,2,3,1,1,2,Ben
Dragons,Seattle,Dragons,Dragons,SEA,Dr Pepper Arena,Yes,10,10,10,0.0%,0.0%,Elite,Large,Hardcore,Hardcore,Elite,Elite,3,3,3,3,"(57,181,74)",#39B54A,Green,"(237,28,36)",Red,"(26,26,26)",Black,120,2,3,3,3,2,1,1,N/A,N/A,N/A,N/A,N/A,N/A,Ducks,N/A,N/A,N/A,N/A,N/A,N/A,N/A,N/A,N/A,N/A,N/A,N/A,N/A,N/A,N/A,Ducks,N/A,N/A,N/A,N/A,N/A,N/A,N/A,N/A,N/A,N/A,1,2,3,Primary,Yes,N/A,1,3,2,2,1,3,2,1,1,1,1,1,N/A,36,1,2,1,1,1,3,2,1,2,2,2,2,3,N/A,N/A,Primary,N/A,N/A,35,3,2,3,3,2,3,2,N/A,N/A,N/A,N/A,N/A,8,2,1,3,N/A,N/A,N/A,N/A,14,1,2,3,3,White,White,2,Primary,Yes,N/A,White,1,2,1,White,1,2,White,White,White,White,White,N/A,36,White,1,White,White,White,2,1,White,White,White,White,White,2,N/A,N/A,Primary,N/A,N/A,35,1,2,2,2,1,1,2,N/A,N/A,N/A,N/A,N/A,8,1,White,2,N/A,N/A,N/A,N/A,14,White,1,2,2,2,1,1,N/A,Yes,2,3,1,1,2,3,1,2,2,2,2,2,2,N/A,36,2,1,2,2,2,3,1,2,1,1,1,3,1,N/A,N/A,Primary,N/A,N/A,35,1,3,1,1,3,1,3,N/A,N/A,N/A,N/A,N/A,8,1,2,3,N/A,N/A,N/A,N/A,14,2,1,3,3,9,1,2,1,1,2,3,1,2,2,3,1,2,1,3,2,2,1,1,LED,1,6,1,2,3,Black,66,Primary,1,N/A,4,1,3,1,2,Scoreboard Fire 3,1,Roses,Classic,1,1,N/A,Scoreboard Fire 3,1,Firestorm,1,USA,13,3,Hammer Smash,On,"Treble (Car Horn 1), 3 Blasts (LlSsL), Flare (Crow)",Dubstep - Shake The Stratosphere,Dubstep - Pixel,Electronic - La Victoria,Dragonfly,46,Yes,9,1,2,2,White,White,3,2,3,N/A,N/A,N/A,N/A,9,1,2,2,3,1,N/A,Ryan
Spartans,South Dakota,Spartans,Spartans,SD,Behr Arena,Yes,10,10,10,0.0%,0.0%,Elite,Large,Hardcore,Hardcore,Elite,Elite,3,3,3,3,"(158,11,15)",#9E0B0F,Red,"(212,153,30)",Gold,"(26,26,26)",Black,17,2,3,White,3,1,N/A,N/A,N/A,N/A,N/A,N/A,N/A,N/A,17,3,2,3,3,2,N/A,N/A,N/A,N/A,N/A,N/A,N/A,N/A,N/A,N/A,Ducks,N/A,N/A,N/A,N/A,N/A,N/A,N/A,N/A,N/A,N/A,N/A,N/A,N/A,N/A,Yes,Gold,1,1,3,1,1,1,2,1,1,1,1,1,N/A,39,1,3,3,1,1,3,1,1,3,3,1,N/A,N/A,N/A,N/A,Primary,N/A,N/A,23,2,3,2,2,N/A,N/A,N/A,N/A,N/A,N/A,N/A,N/A,1,3,N/A,N/A,N/A,N/A,N/A,N/A,13,1,3,N/A,N/A,White,White,3,N/A,Yes,N/A,1,1,2,1,1,1,White,1,1,1,1,1,N/A,39,White,1,1,2,3,1,3,1,3,1,1,N/A,N/A,N/A,N/A,Primary,N/A,N/A,23,1,3,2,1,N/A,N/A,N/A,N/A,N/A,N/A,N/A,N/A,1,1,N/A,N/A,N/A,N/A,N/A,N/A,13,White,1,N/A,N/A,N/A,N/A,N/A,N/A,Yes,Gold,N/A,N/A,N/A,N/A,N/A,N/A,N/A,N/A,N/A,N/A,N/A,N/A,Gold,39,2,2,2,3,3,2,3,2,2,2,2,2,N/A,N/A,N/A,Secondary,N/A,N/A,23,3,3,3,2,N/A,N/A,N/A,N/A,N/A,N/A,N/A,N/A,1,2,N/A,N/A,N/A,N/A,N/A,N/A,13,2,3,N/A,N/A,10,1,2,1,1,2,3,1,2,2,3,1,5,1,1,3,2,2,2,LED,1,2,1,2,3,Black,66,Primary,6,N/A,5,2,3,2,3,Goal Light Smoke,2,Hats,Classic,1,2,N/A,Scoreboard Fire 1,1,Firestorm,1,USA,6,1,Board Smash,On,"Bass (Boat Horn 1), 2 Blasts (MsLs)",Rock - Bangers And Smash,Dubstep - Pixel,Electronic - Challenges Ahead,Zeus,1,Yes,5,2,3,1,3,N/A,N/A,N/A,N/A,N/A,N/A,N/A,N/A,1,1,2,1,1,1,3,Ben
Leopards,St. Louis,Leopards,Legends,STL,McDonalds Stadium,Yes,10,10,10,0.0%,0.0%,Elite,Large,Hardcore,Hardcore,Elite,Elite,3,3,3,3,"(242,102,16)",#F26610,Orange,"(26,26,26)",Black,"(232,232,232)",White,59,1,2,3,3,3,N/A,N/A,N/A,N/A,N/A,N/A,N/A,N/A,Ducks,N/A,N/A,N/A,N/A,N/A,N/A,N/A,N/A,N/A,N/A,N/A,N/A,N/A,N/A,N/A,Ducks,N/A,N/A,N/A,N/A,N/A,N/A,N/A,N/A,N/A,N/A,1,2,3,N/A,Yes,N/A,1,2,3,2,1,2,3,1,1,1,1,1,N/A,13,1,2,1,2,2,3,1,3,2,2,2,N/A,N/A,N/A,N/A,Primary,N/A,N/A,31,3,2,3,3,1,3,2,N/A,N/A,N/A,N/A,N/A,1,2,N/A,N/A,N/A,N/A,N/A,N/A,6,1,2,3,N/A,3,1,2,N/A,Yes,N/A,3,1,2,1,3,3,1,3,3,3,3,3,N/A,13,3,1,3,1,1,3,2,2,1,1,1,N/A,N/A,N/A,N/A,Primary,N/A,N/A,31,2,1,2,3,2,2,1,N/A,N/A,N/A,N/A,N/A,1,1,N/A,N/A,N/A,N/A,N/A,N/A,6,3,1,2,N/A,2,2,1,N/A,Yes,N/A,2,1,2,1,2,2,1,2,2,2,2,2,N/A,13,2,2,1,1,2,1,2,2,2,1,2,N/A,N/A,N/A,N/A,Primary,N/A,N/A,31,3,1,3,3,1,3,1,N/A,N/A,N/A,N/A,N/A,1,2,N/A,N/A,N/A,N/A,N/A,N/A,6,2,2,1,N/A,1,1,2,1,1,2,3,2,1,1,3,1,1,1,2,1,1,2,1,LED,1,2,1,2,3,Black,66,Primary,6,N/A,1,1,1,1,N/A,Scoreboard Fire 3,1,Teddy Bears,Classic,1,1,N/A,Scoreboard Fire 1,1,Firestorm,1,USA,20,3,Ride 'Em,On,"Bass (Fog Horn 1) + Mid (Air Horn 1) + Treble (Boat Horn 4), 2 Blasts (LsSs), Flare (Roar 3)",Hard Rock - Fisticuffs,Dubstep - Pixel,Miscellaneous - Unsteady Happiness,Leonard,10,Yes,10,1,2,1,2,2,2,3,3,2,1,N/A,N/A,1,1,2,2,3,1,2,Chris
Wolverines,Tennessee,Wolverines,Wolverines,TEN,Applebees Arena,Yes,10,10,10,0.0%,0.0%,Elite,Large,Hardcore,Hardcore,Elite,Elite,3,3,3,3,"(72,72,72)",#484848,Gray,"(26,26,26)",Black,"(232,232,232)",White,35,1,2,3,3,N/A,N/A,N/A,N/A,N/A,N/A,N/A,N/A,N/A,Ducks,N/A,N/A,N/A,N/A,N/A,N/A,N/A,N/A,N/A,N/A,N/A,N/A,N/A,N/A,N/A,Ducks,N/A,N/A,N/A,N/A,N/A,N/A,N/A,N/A,N/A,N/A,1,2,3,N/A,Yes,N/A,1,3,2,3,1,2,3,1,1,1,1,1,N/A,41,1,2,1,3,3,3,3,2,1,3,3,1,N/A,N/A,N/A,Primary,N/A,N/A,9,3,2,3,2,3,1,3,2,N/A,N/A,N/A,N/A,1,2,N/A,N/A,N/A,N/A,N/A,N/A,19,1,2,3,N/A,3,3,2,N/A,Yes,N/A,3,1,2,1,3,1,3,3,3,3,3,3,N/A,41,3,1,3,3,2,2,2,1,3,3,3,1,N/A,N/A,N/A,Primary,N/A,N/A,9,2,1,2,1,3,2,2,1,N/A,N/A,N/A,N/A,1,1,N/A,N/A,N/A,N/A,N/A,N/A,19,3,1,2,N/A,2,1,3,N/A,Yes,N/A,2,3,1,3,2,1,3,2,2,2,2,2,N/A,41,2,1,2,2,3,3,3,1,2,3,3,1,N/A,N/A,N/A,Primary,N/A,N/A,9,3,1,3,1,3,2,3,1,N/A,N/A,N/A,N/A,1,1,N/A,N/A,N/A,N/A,N/A,N/A,19,2,1,3,N/A,8,1,1,1,1,2,3,1,1,1,2,1,5,1,3,1,3,2,3,LED,1,3,1,2,3,Black,66,Primary,6,N/A,7,3,2,3,N/A,Goal Light Smoke,3,Hats,Vertical LED,1,3,N/A,Scoreboard Smoke 1,3,Boom Box,3,USA,14,4,Board Smash,On,"Bass (Boat Horn 5), 3 Blasts (LsSsS), Flare (Roar 1)",Electronic - Glitter And Glamour,Dubstep - Pixel,Rock - Here Come The Champions,Wolfy,15,Yes,10,1,2,1,3,1,2,3,3,2,1,N/A,N/A,1,1,2,3,1,1,2,Chris
Admirals,Washington,Admirals,Admirals,WSH,Navy Federal Center,Yes,10,10,10,0.0%,0.0%,Elite,Large,Hardcore,Hardcore,Elite,Elite,3,3,3,3,"(13,0,76)",#0D004C,Navy,"(255,242,0)",Yellow,"(232,232,232)",White,30,1,2,3,N/A,N/A,N/A,N/A,N/A,N/A,N/A,N/A,N/A,N/A,Ducks,N/A,N/A,N/A,N/A,N/A,N/A,N/A,N/A,N/A,N/A,N/A,N/A,N/A,N/A,N/A,Ducks,N/A,N/A,N/A,N/A,N/A,N/A,N/A,N/A,N/A,N/A,1,1,2,N/A,Yes,N/A,1,2,2,2,1,1,2,1,1,1,1,1,N/A,74,1,2,1,1,1,1,2,1,2,1,1,1,2,2,N/A,Primary,N/A,N/A,41,2,1,2,2,2,1,2,2,1,2,N/A,N/A,1,2,N/A,N/A,N/A,N/A,N/A,N/A,1,1,2,1,N/A,3,3,1,N/A,Yes,N/A,3,3,3,3,2,1,3,3,2,1,3,3,N/A,74,3,1,3,3,2,3,1,2,2,3,3,3,1,1,N/A,Primary,N/A,N/A,41,1,2,1,1,1,2,1,1,2,2,N/A,N/A,1,1,N/A,N/A,N/A,N/A,N/A,N/A,1,3,2,1,N/A,2,2,1,N/A,Yes,N/A,2,1,2,1,2,1,2,2,2,2,2,2,N/A,74,2,1,2,2,1,2,1,2,2,2,2,2,1,1,N/A,Primary,N/A,N/A,41,1,2,1,1,1,2,1,1,2,1,N/A,N/A,1,1,N/A,N/A,N/A,N/A,N/A,N/A,1,2,1,2,N/A,1,1,2,1,1,2,3,1,1,2,3,1,1,1,2,1,1,2,1,LED,1,2,1,2,3,Black,66,Primary,6,N/A,3,2,1,2,N/A,Scoreboard Fire 3,1,Hats,Bar,1,2,N/A,Scoreboard Fire 3,1,Tidal Effect,2,USA,14,2,Team Salute,On,"Bass (Truck 1), 3 Blasts (LsLsL)",Rock - Loud And Proud,Dubstep - Pixel,Hard Rock - Adrenaline Rush,General,14,Yes,5,1,2,1,1,N/A,N/A,N/A,N/A,N/A,N/A,N/A,N/A,1,1,2,2,2,1,2,Ryan