Game #,Day,Date,Away Team,Home Team,Away Score,Home Score,OT?
1,1,9/20/26,Las Vegas Vipers,Indianapolis Ghosts,,,
2,1,9/20/26,Denver Mountain Lions,Seattle Dragons,,,
3,1,9/20/26,San Antonio Bandits,Portland Sea Lions,,,
4,1,9/20/26,Florida Sunshine,Richmond Robbers,,,
5,1,9/20/26,Jacksonville Blood Hounds,Nevada Archers,,,
6,1,9/20/26,Brooklyn Bulldogs,Montana Miners,,,
7,1,9/20/26,Washington Admirals,Iowa Rebels,,,
8,1,9/20/26,Cleveland Demons,New Orleans Whalers,,,
9,2,9/21/26,Kansas City Metrostars,San Antonio Bandits,,,
10,2,9/21/26,Atlanta Cobalts,Columbus Cougars,,,
11,2,9/21/26,South Dakota Spartans,Charleston Tsunami,,,
12,2,9/21/26,Philadelphia Destroyers,Portland Sea Lions,,,
13,2,9/21/26,Raleigh Wildcats,Long Island Blizzard,,,
14,2,9/21/26,Iowa Rebels,Brooklyn Bulldogs,,,
15,2,9/21/26,Denver Mountain Lions,Tennessee Wolverines,,,
16,2,9/21/26,Montana Miners,Las Vegas Vipers,,,
17,3,9/22/26,Denver Mountain Lions,Montana Miners,,,
18,3,9/22/26,Indianapolis Ghosts,Jacksonville Blood Hounds,,,
19,3,9/22/26,Iowa Rebels,Kansas City Metrostars,,,
20,3,9/22/26,Long Island Blizzard,Las Vegas Vipers,,,
21,3,9/22/26,Arizona Heat,Honolulu Hawks,,,
22,3,9/22/26,South Dakota Spartans,Houston Hammerheads,,,
23,3,9/22/26,Seattle Dragons,Oklahoma Twisters,,,
24,3,9/22/26,Detroit Motors,Tennessee Wolverines,,,
25,4,9/23/26,Charleston Tsunami,Montana Miners,,,
26,4,9/23/26,Long Island Blizzard,New Orleans Whalers,,,
27,4,9/23/26,Denver Mountain Lions,Chicago Rockets,,,
28,4,9/23/26,Honolulu Hawks,Oklahoma Twisters,,,
29,4,9/23/26,Nevada Archers,Arizona Heat,,,
30,4,9/23/26,Seattle Dragons,North Dakota Bison,,,
31,4,9/23/26,Houston Hammerheads,Kansas City Metrostars,,,
32,4,9/23/26,South Dakota Spartans,Washington Admirals,,,
33,5,9/24/26,Atlanta Cobalts,Puerto Rico Toros,,,
34,5,9/24/26,Oklahoma Twisters,Florida Sunshine,,,
35,5,9/24/26,Fort Worth Defenders,Houston Hammerheads,,,
36,5,9/24/26,Baltimore Oceanics,Raleigh Wildcats,,,
37,5,9/24/26,Washington Admirals,Chicago Rockets,,,
38,5,9/24/26,Richmond Robbers,Charleston Tsunami,,,
39,5,9/24/26,Brooklyn Bulldogs,Columbus Cougars,,,
40,5,9/24/26,Detroit Motors,Cincinnati Thunderbolts,,,
41,6,9/25/26,Jacksonville Blood Hounds,New York Steamrollers,,,
42,6,9/25/26,North Dakota Bison,Honolulu Hawks,,,
43,6,9/25/26,Portland Sea Lions,Chicago Rockets,,,
44,6,9/25/26,Long Island Blizzard,Indianapolis Ghosts,,,
45,6,9/25/26,Washington Admirals,Tennessee Wolverines,,,
46,6,9/25/26,Lincoln Lumberjacks,Florida Sunshine,,,
47,6,9/25/26,Philadelphia Destroyers,Baltimore Oceanics,,,
48,6,9/25/26,Puerto Rico Toros,Brooklyn Bulldogs,,,
49,7,9/26/26,Puerto Rico Toros,Kansas City Metrostars,,,
50,7,9/26/26,San Antonio Bandits,Washington Admirals,,,
51,7,9/26/26,Tennessee Wolverines,Baltimore Oceanics,,,
52,7,9/26/26,Chicago Rockets,St. Louis Leopards,,,
53,7,9/26/26,North Dakota Bison,Arizona Heat,,,
54,7,9/26/26,Charleston Tsunami,New York Steamrollers,,,
55,7,9/26/26,Indianapolis Ghosts,Lincoln Lumberjacks,,,
56,7,9/26/26,Raleigh Wildcats,Denver Mountain Lions,,,
57,8,9/27/26,Nevada Archers,Honolulu Hawks,,,
58,8,9/27/26,Portland Sea Lions,Denver Mountain Lions,,,
59,8,9/27/26,Puerto Rico Toros,Tennessee Wolverines,,,
60,8,9/27/26,Memphis Cannons,Fort Worth Defenders,,,
61,8,9/27/26,Las Vegas Vipers,Kansas City Metrostars,,,
62,8,9/27/26,Brooklyn Bulldogs,Baltimore Oceanics,,,
63,8,9/27/26,New Orleans Whalers,Cleveland Demons,,,
64,8,9/27/26,Iowa Rebels,Florida Sunshine,,,
65,9,9/28/26,Tennessee Wolverines,New York Steamrollers,,,
66,9,9/28/26,Fort Worth Defenders,Jacksonville Blood Hounds,,,
67,9,9/28/26,Denver Mountain Lions,Kansas City Metrostars,,,
68,9,9/28/26,Seattle Dragons,New Orleans Whalers,,,
69,9,9/28/26,Iowa Rebels,San Antonio Bandits,,,
70,9,9/28/26,St. Louis Leopards,Lincoln Lumberjacks,,,
71,9,9/28/26,Richmond Robbers,Florida Sunshine,,,
72,9,9/28/26,Memphis Cannons,Charleston Tsunami,,,
73,10,9/29/26,Houston Hammerheads,Fort Worth Defenders,,,
74,10,9/29/26,Seattle Dragons,North Dakota Bison,,,
75,10,9/29/26,Washington Admirals,Las Vegas Vipers,,,
76,10,9/29/26,Detroit Motors,Charleston Tsunami,,,
77,10,9/29/26,San Antonio Bandits,Kansas City Metrostars,,,
78,10,9/29/26,Indianapolis Ghosts,Columbus Cougars,,,
79,10,9/29/26,Brooklyn Bulldogs,Puerto Rico Toros,,,
80,10,9/29/26,Honolulu Hawks,Montana Miners,,,
81,11,9/30/26,Cleveland Demons,Atlanta Cobalts,,,
82,11,9/30/26,Montana Miners,Arizona Heat,,,
83,11,9/30/26,Honolulu Hawks,St. Louis Leopards,,,
84,11,9/30/26,Chicago Rockets,Memphis Cannons,,,
85,11,9/30/26,New Orleans Whalers,Puerto Rico Toros,,,
86,11,9/30/26,Baltimore Oceanics,Washington Admirals,,,
87,11,9/30/26,Raleigh Wildcats,Florida Sunshine,,,
88,11,9/30/26,Portland Sea Lions,Tennessee Wolverines,,,
89,12,10/1/26,Montana Miners,North Dakota Bison,,,
90,12,10/1/26,Tennessee Wolverines,Raleigh Wildcats,,,
91,12,10/1/26,Indianapolis Ghosts,Atlanta Cobalts,,,
92,12,10/1/26,Baltimore Oceanics,Arizona Heat,,,
93,12,10/1/26,Philadelphia Destroyers,Long Island Blizzard,,,
94,12,10/1/26,Fort Worth Defenders,Iowa Rebels,,,
95,12,10/1/26,Chicago Rockets,New York Steamrollers,,,
96,12,10/1/26,Cincinnati Thunderbolts,Cleveland Demons,,,
97,13,10/2/26,Memphis Cannons,Iowa Rebels,,,
98,13,10/2/26,Las Vegas Vipers,Lincoln Lumberjacks,,,
99,13,10/2/26,Long Island Blizzard,Richmond Robbers,,,
100,13,10/2/26,New York Steamrollers,Montana Miners,,,
101,13,10/2/26,Nevada Archers,Denver Mountain Lions,,,
102,13,10/2/26,Baltimore Oceanics,New Orleans Whalers,,,
103,13,10/2/26,Arizona Heat,Honolulu Hawks,,,
104,13,10/2/26,Fort Worth Defenders,Florida Sunshine,,,
105,14,10/3/26,Fort Worth Defenders,Philadelphia Destroyers,,,
106,14,10/3/26,Jacksonville Blood Hounds,Tennessee Wolverines,,,
107,14,10/3/26,Long Island Blizzard,Richmond Robbers,,,
108,14,10/3/26,Florida Sunshine,Charleston Tsunami,,,
109,14,10/3/26,Detroit Motors,Memphis Cannons,,,
110,14,10/3/26,New Orleans Whalers,Houston Hammerheads,,,
111,14,10/3/26,Cincinnati Thunderbolts,Lincoln Lumberjacks,,,
112,14,10/3/26,Raleigh Wildcats,New York Steamrollers,,,
113,15,10/4/26,Montana Miners,Detroit Motors,,,
114,15,10/4/26,Oklahoma Twisters,Fort Worth Defenders,,,
115,15,10/4/26,North Dakota Bison,Kansas City Metrostars,,,
116,15,10/4/26,New Orleans Whalers,Cincinnati Thunderbolts,,,
117,15,10/4/26,Philadelphia Destroyers,Tennessee Wolverines,,,
118,15,10/4/26,Jacksonville Blood Hounds,Raleigh Wildcats,,,
119,15,10/4/26,St. Louis Leopards,Richmond Robbers,,,
120,15,10/4/26,Las Vegas Vipers,Seattle Dragons,,,
121,16,10/5/26,Oklahoma Twisters,Memphis Cannons,,,
122,16,10/5/26,Houston Hammerheads,Florida Sunshine,,,
123,16,10/5/26,Columbus Cougars,Tennessee Wolverines,,,
124,16,10/5/26,Brooklyn Bulldogs,Nevada Archers,,,
125,16,10/5/26,Seattle Dragons,Atlanta Cobalts,,,
126,16,10/5/26,Indianapolis Ghosts,Cleveland Demons,,,
127,16,10/5/26,Long Island Blizzard,Puerto Rico Toros,,,
128,16,10/5/26,Iowa Rebels,Richmond Robbers,,,
129,17,10/6/26,St. Louis Leopards,San Antonio Bandits,,,
130,17,10/6/26,Seattle Dragons,Indianapolis Ghosts,,,
131,17,10/6/26,Long Island Blizzard,Denver Mountain Lions,,,
132,17,10/6/26,Iowa Rebels,Raleigh Wildcats,,,
133,17,10/6/26,Tennessee Wolverines,Chicago Rockets,,,
134,17,10/6/26,Fort Worth Defenders,Kansas City Metrostars,,,
135,17,10/6/26,Jacksonville Blood Hounds,Brooklyn Bulldogs,,,
136,17,10/6/26,Washington Admirals,Las Vegas Vipers,,,
137,18,10/7/26,New York Steamrollers,Columbus Cougars,,,
138,18,10/7/26,Lincoln Lumberjacks,South Dakota Spartans,,,
139,18,10/7/26,Atlanta Cobalts,St. Louis Leopards,,,
140,18,10/7/26,Puerto Rico Toros,Long Island Blizzard,,,
141,18,10/7/26,Richmond Robbers,Philadelphia Destroyers,,,
142,18,10/7/26,Iowa Rebels,Fort Worth Defenders,,,
143,18,10/7/26,North Dakota Bison,Cincinnati Thunderbolts,,,
144,18,10/7/26,Raleigh Wildcats,Las Vegas Vipers,,,
145,19,10/8/26,Houston Hammerheads,St. Louis Leopards,,,
146,19,10/8/26,Indianapolis Ghosts,Philadelphia Destroyers,,,
147,19,10/8/26,Seattle Dragons,Puerto Rico Toros,,,
148,19,10/8/26,South Dakota Spartans,Lincoln Lumberjacks,,,
149,19,10/8/26,Chicago Rockets,Kansas City Metrostars,,,
150,19,10/8/26,Charleston Tsunami,North Dakota Bison,,,
151,19,10/8/26,Arizona Heat,Denver Mountain Lions,,,
152,19,10/8/26,Cleveland Demons,New York Steamrollers,,,
153,20,10/9/26,Portland Sea Lions,Nevada Archers,,,
154,20,10/9/26,Lincoln Lumberjacks,South Dakota Spartans,,,
155,20,10/9/26,Jacksonville Blood Hounds,New York Steamrollers,,,
156,20,10/9/26,New Orleans Whalers,St. Louis Leopards,,,
157,20,10/9/26,Atlanta Cobalts,Puerto Rico Toros,,,
158,20,10/9/26,Detroit Motors,Indianapolis Ghosts,,,
159,20,10/9/26,Brooklyn Bulldogs,Charleston Tsunami,,,
160,20,10/9/26,Montana Miners,Arizona Heat,,,
161,21,10/10/26,Arizona Heat,Nevada Archers,,,
162,21,10/10/26,Kansas City Metrostars,Houston Hammerheads,,,
163,21,10/10/26,Columbus Cougars,Long Island Blizzard,,,
164,21,10/10/26,San Antonio Bandits,Honolulu Hawks,,,
165,21,10/10/26,Philadelphia Destroyers,Las Vegas Vipers,,,
166,21,10/10/26,Atlanta Cobalts,Brooklyn Bulldogs,,,
167,21,10/10/26,South Dakota Spartans,Fort Worth Defenders,,,
168,21,10/10/26,Washington Admirals,St. Louis Leopards,,,
169,22,10/11/26,Florida Sunshine,Cleveland Demons,,,
170,22,10/11/26,Cincinnati Thunderbolts,Puerto Rico Toros,,,
171,22,10/11/26,Brooklyn Bulldogs,Las Vegas Vipers,,,
172,22,10/11/26,Nevada Archers,Atlanta Cobalts,,,
173,22,10/11/26,Detroit Motors,Columbus Cougars,,,
174,22,10/11/26,San Antonio Bandits,Iowa Rebels,,,
175,22,10/11/26,Honolulu Hawks,North Dakota Bison,,,
176,22,10/11/26,Houston Hammerheads,Lincoln Lumberjacks,,,
177,23,10/12/26,Richmond Robbers,Columbus Cougars,,,
178,23,10/12/26,San Antonio Bandits,Memphis Cannons,,,
179,23,10/12/26,Jacksonville Blood Hounds,Puerto Rico Toros,,,
180,23,10/12/26,Detroit Motors,Baltimore Oceanics,,,
181,23,10/12/26,Charleston Tsunami,Arizona Heat,,,
182,23,10/12/26,Atlanta Cobalts,New Orleans Whalers,,,
183,23,10/12/26,Washington Admirals,Seattle Dragons,,,
184,23,10/12/26,New York Steamrollers,Chicago Rockets,,,
185,24,10/13/26,South Dakota Spartans,Memphis Cannons,,,
186,24,10/13/26,Kansas City Metrostars,Honolulu Hawks,,,
187,24,10/13/26,New Orleans Whalers,Detroit Motors,,,
188,24,10/13/26,Chicago Rockets,Cleveland Demons,,,
189,24,10/13/26,Iowa Rebels,St. Louis Leopards,,,
190,24,10/13/26,Indianapolis Ghosts,Tennessee Wolverines,,,
191,24,10/13/26,North Dakota Bison,Puerto Rico Toros,,,
192,24,10/13/26,Jacksonville Blood Hounds,Arizona Heat,,,
193,25,10/14/26,New York Steamrollers,Detroit Motors,,,
194,25,10/14/26,Philadelphia Destroyers,Richmond Robbers,,,
195,25,10/14/26,Brooklyn Bulldogs,Tennessee Wolverines,,,
196,25,10/14/26,Iowa Rebels,Memphis Cannons,,,
197,25,10/14/26,Raleigh Wildcats,Baltimore Oceanics,,,
198,25,10/14/26,Nevada Archers,Honolulu Hawks,,,
199,25,10/14/26,Cleveland Demons,St. Louis Leopards,,,
200,25,10/14/26,Oklahoma Twisters,Las Vegas Vipers,,,
201,26,10/15/26,Chicago Rockets,Tennessee Wolverines,,,
202,26,10/15/26,Kansas City Metrostars,Charleston Tsunami,,,
203,26,10/15/26,New York Steamrollers,Atlanta Cobalts,,,
204,26,10/15/26,Baltimore Oceanics,Montana Miners,,,
205,26,10/15/26,Lincoln Lumberjacks,Oklahoma Twisters,,,
206,26,10/15/26,Nevada Archers,Arizona Heat,,,
207,26,10/15/26,Puerto Rico Toros,Indianapolis Ghosts,,,
208,26,10/15/26,New Orleans Whalers,Cleveland Demons,,,
209,27,10/16/26,Philadelphia Destroyers,Brooklyn Bulldogs,,,
210,27,10/16/26,Fort Worth Defenders,Seattle Dragons,,,
211,27,10/16/26,Chicago Rockets,Puerto Rico Toros,,,
212,27,10/16/26,Portland Sea Lions,Columbus Cougars,,,
213,27,10/16/26,South Dakota Spartans,Oklahoma Twisters,,,
214,27,10/16/26,North Dakota Bison,Iowa Rebels,,,
215,27,10/16/26,Lincoln Lumberjacks,San Antonio Bandits,,,
216,27,10/16/26,Honolulu Hawks,Indianapolis Ghosts,,,
217,28,10/17/26,Memphis Cannons,Las Vegas Vipers,,,
218,28,10/17/26,Denver Mountain Lions,Indianapolis Ghosts,,,
219,28,10/17/26,Puerto Rico Toros,Charleston Tsunami,,,
220,28,10/17/26,St. Louis Leopards,Oklahoma Twisters,,,
221,28,10/17/26,New York Steamrollers,Florida Sunshine,,,
222,28,10/17/26,Nevada Archers,Chicago Rockets,,,
223,28,10/17/26,Brooklyn Bulldogs,Long Island Blizzard,,,
224,28,10/17/26,Seattle Dragons,Cleveland Demons,,,
225,29,10/18/26,Cleveland Demons,Chicago Rockets,,,
226,29,10/18/26,Oklahoma Twisters,Raleigh Wildcats,,,
227,29,10/18/26,Washington Admirals,Indianapolis Ghosts,,,
228,29,10/18/26,Montana Miners,Seattle Dragons,,,
229,29,10/18/26,Atlanta Cobalts,Richmond Robbers,,,
230,29,10/18/26,Cincinnati Thunderbolts,Philadelphia Destroyers,,,
231,29,10/18/26,Columbus Cougars,South Dakota Spartans,,,
232,29,10/18/26,Honolulu Hawks,Detroit Motors,,,
233,30,10/19/26,Denver Mountain Lions,Honolulu Hawks,,,
234,30,10/19/26,Fort Worth Defenders,San Antonio Bandits,,,
235,30,10/19/26,South Dakota Spartans,Raleigh Wildcats,,,
236,30,10/19/26,New York Steamrollers,Richmond Robbers,,,
237,30,10/19/26,Tennessee Wolverines,Iowa Rebels,,,
238,30,10/19/26,Washington Admirals,Montana Miners,,,
239,30,10/19/26,Las Vegas Vipers,Nevada Archers,,,
240,30,10/19/26,Baltimore Oceanics,Columbus Cougars,,,
241,31,10/20/26,Atlanta Cobalts,Jacksonville Blood Hounds,,,
242,31,10/20/26,Brooklyn Bulldogs,Arizona Heat,,,
243,31,10/20/26,Nevada Archers,Memphis Cannons,,,
244,31,10/20/26,Cleveland Demons,Tennessee Wolverines,,,
245,31,10/20/26,Oklahoma Twisters,Iowa Rebels,,,
246,31,10/20/26,Richmond Robbers,Cincinnati Thunderbolts,,,
247,31,10/20/26,Philadelphia Destroyers,Raleigh Wildcats,,,
248,31,10/20/26,New York Steamrollers,Charleston Tsunami,,,
249,32,10/21/26,Baltimore Oceanics,Charleston Tsunami,,,
250,32,10/21/26,Memphis Cannons,Kansas City Metrostars,,,
251,32,10/21/26,Richmond Robbers,Raleigh Wildcats,,,
252,32,10/21/26,Portland Sea Lions,San Antonio Bandits,,,
253,32,10/21/26,South Dakota Spartans,New York Steamrollers,,,
254,32,10/21/26,Seattle Dragons,Denver Mountain Lions,,,
255,32,10/21/26,Oklahoma Twisters,St. Louis Leopards,,,
256,32,10/21/26,Florida Sunshine,Arizona Heat,,,
257,33,10/22/26,Lincoln Lumberjacks,Brooklyn Bulldogs,,,
258,33,10/22/26,San Antonio Bandits,Seattle Dragons,,,
259,33,10/22/26,Kansas City Metrostars,St. Louis Leopards,,,
260,33,10/22/26,Detroit Motors,Atlanta Cobalts,,,
261,33,10/22/26,Indianapolis Ghosts,Cleveland Demons,,,
262,33,10/22/26,South Dakota Spartans,Iowa Rebels,,,
263,33,10/22/26,New York Steamrollers,Baltimore Oceanics,,,
264,33,10/22/26,Jacksonville Blood Hounds,Florida Sunshine,,,
265,34,10/23/26,Florida Sunshine,Brooklyn Bulldogs,,,
266,34,10/23/26,Chicago Rockets,Richmond Robbers,,,
267,34,10/23/26,St. Louis Leopards,Long Island Blizzard,,,
268,34,10/23/26,Lincoln Lumberjacks,San Antonio Bandits,,,
269,34,10/23/26,Charleston Tsunami,Las Vegas Vipers,,,
270,34,10/23/26,New York Steamrollers,Cleveland Demons,,,
271,34,10/23/26,Washington Admirals,Denver Mountain Lions,,,
272,34,10/23/26,Kansas City Metrostars,South Dakota Spartans,,,
273,35,10/24/26,New York Steamrollers,Baltimore Oceanics,,,
274,35,10/24/26,San Antonio Bandits,Memphis Cannons,,,
275,35,10/24/26,Florida Sunshine,Washington Admirals,,,
276,35,10/24/26,Arizona Heat,Kansas City Metrostars,,,
277,35,10/24/26,Detroit Motors,Richmond Robbers,,,
278,35,10/24/26,Long Island Blizzard,Charleston Tsunami,,,
279,35,10/24/26,Indianapolis Ghosts,Houston Hammerheads,,,
280,35,10/24/26,Honolulu Hawks,South Dakota Spartans,,,
281,36,10/25/26,Houston Hammerheads,Kansas City Metrostars,,,
282,36,10/25/26,Detroit Motors,Puerto Rico Toros,,,
283,36,10/25/26,Seattle Dragons,Las Vegas Vipers,,,
284,36,10/25/26,Denver Mountain Lions,St. Louis Leopards,,,
285,36,10/25/26,Charleston Tsunami,New York Steamrollers,,,
286,36,10/25/26,Baltimore Oceanics,Portland Sea Lions,,,
287,36,10/25/26,Long Island Blizzard,Jacksonville Blood Hounds,,,
288,36,10/25/26,New Orleans Whalers,Lincoln Lumberjacks,,,
289,37,10/26/26,Long Island Blizzard,Montana Miners,,,
290,37,10/26/26,Cleveland Demons,Columbus Cougars,,,
291,37,10/26/26,Richmond Robbers,Raleigh Wildcats,,,
292,37,10/26/26,Tennessee Wolverines,Atlanta Cobalts,,,
293,37,10/26/26,Kansas City Metrostars,Denver Mountain Lions,,,
294,37,10/26/26,Memphis Cannons,Iowa Rebels,,,
295,37,10/26/26,San Antonio Bandits,Arizona Heat,,,
296,37,10/26/26,Portland Sea Lions,Washington Admirals,,,
297,38,10/27/26,Columbus Cougars,Cleveland Demons,,,
298,38,10/27/26,Raleigh Wildcats,Philadelphia Destroyers,,,
299,38,10/27/26,Oklahoma Twisters,Lincoln Lumberjacks,,,
300,38,10/27/26,Baltimore Oceanics,New York Steamrollers,,,
301,38,10/27/26,Cincinnati Thunderbolts,Atlanta Cobalts,,,
302,38,10/27/26,St. Louis Leopards,Memphis Cannons,,,
303,38,10/27/26,Portland Sea Lions,Seattle Dragons,,,
304,38,10/27/26,North Dakota Bison,Houston Hammerheads,,,
305,39,10/28/26,South Dakota Spartans,Kansas City Metrostars,,,
306,39,10/28/26,Long Island Blizzard,Raleigh Wildcats,,,
307,39,10/28/26,Oklahoma Twisters,Jacksonville Blood Hounds,,,
308,39,10/28/26,Denver Mountain Lions,Iowa Rebels,,,
309,39,10/28/26,Philadelphia Destroyers,North Dakota Bison,,,
310,39,10/28/26,Honolulu Hawks,Memphis Cannons,,,
311,39,10/28/26,Florida Sunshine,New York Steamrollers,,,
312,39,10/28/26,San Antonio Bandits,Baltimore Oceanics,,,
313,40,10/29/26,Nevada Archers,Columbus Cougars,,,
314,40,10/29/26,North Dakota Bison,Fort Worth Defenders,,,
315,40,10/29/26,Philadelphia Destroyers,Arizona Heat,,,
316,40,10/29/26,Las Vegas Vipers,Honolulu Hawks,,,
317,40,10/29/26,Iowa Rebels,Houston Hammerheads,,,
318,40,10/29/26,Richmond Robbers,Portland Sea Lions,,,
319,40,10/29/26,Detroit Motors,Chicago Rockets,,,
320,40,10/29/26,Puerto Rico Toros,New Orleans Whalers,,,
321,41,10/30/26,Iowa Rebels,New York Steamrollers,,,
322,41,10/30/26,Nevada Archers,North Dakota Bison,,,
323,41,10/30/26,Fort Worth Defenders,Kansas City Metrostars,,,
324,41,10/30/26,Baltimore Oceanics,Cleveland Demons,,,
325,41,10/30/26,Brooklyn Bulldogs,Philadelphia Destroyers,,,
326,41,10/30/26,Lincoln Lumberjacks,St. Louis Leopards,,,
327,41,10/30/26,Charleston Tsunami,Columbus Cougars,,,
328,41,10/30/26,Atlanta Cobalts,Detroit Motors,,,
329,42,10/31/26,Detroit Motors,Puerto Rico Toros,,,
330,42,10/31/26,Iowa Rebels,Fort Worth Defenders,,,
331,42,10/31/26,San Antonio Bandits,Montana Miners,,,
332,42,10/31/26,Seattle Dragons,Chicago Rockets,,,
333,42,10/31/26,Oklahoma Twisters,Lincoln Lumberjacks,,,
334,42,10/31/26,Cleveland Demons,Cincinnati Thunderbolts,,,
335,42,10/31/26,St. Louis Leopards,South Dakota Spartans,,,
336,42,10/31/26,Washington Admirals,Honolulu Hawks,,,
337,43,11/1/26,Columbus Cougars,Philadelphia Destroyers,,,
338,43,11/1/26,Florida Sunshine,Raleigh Wildcats,,,
339,43,11/1/26,Jacksonville Blood Hounds,Long Island Blizzard,,,
340,43,11/1/26,Houston Hammerheads,Baltimore Oceanics,,,
341,43,11/1/26,Indianapolis Ghosts,Iowa Rebels,,,
342,43,11/1/26,Brooklyn Bulldogs,Chicago Rockets,,,
343,43,11/1/26,Cleveland Demons,Charleston Tsunami,,,
344,43,11/1/26,Richmond Robbers,Washington Admirals,,,
345,44,11/2/26,Memphis Cannons,St. Louis Leopards,,,
346,44,11/2/26,Las Vegas Vipers,Honolulu Hawks,,,
347,44,11/2/26,South Dakota Spartans,Oklahoma Twisters,,,
348,44,11/2/26,Lincoln Lumberjacks,Fort Worth Defenders,,,
349,44,11/2/26,Puerto Rico Toros,Atlanta Cobalts,,,
350,44,11/2/26,Charleston Tsunami,Cleveland Demons,,,
351,44,11/2/26,Philadelphia Destroyers,Columbus Cougars,,,
352,44,11/2/26,Detroit Motors,Houston Hammerheads,,,
353,45,11/3/26,New Orleans Whalers,Philadelphia Destroyers,,,
354,45,11/3/26,New York Steamrollers,Portland Sea Lions,,,
355,45,11/3/26,Jacksonville Blood Hounds,Indianapolis Ghosts,,,
356,45,11/3/26,Washington Admirals,Arizona Heat,,,
357,45,11/3/26,Long Island Blizzard,Honolulu Hawks,,,
358,45,11/3/26,Kansas City Metrostars,Fort Worth Defenders,,,
359,45,11/3/26,Lincoln Lumberjacks,Memphis Cannons,,,
360,45,11/3/26,St. Louis Leopards,San Antonio Bandits,,,
361,46,11/4/26,Arizona Heat,Montana Miners,,,
362,46,11/4/26,Fort Worth Defenders,Portland Sea Lions,,,
363,46,11/4/26,Raleigh Wildcats,Seattle Dragons,,,
364,46,11/4/26,Florida Sunshine,Atlanta Cobalts,,,
365,46,11/4/26,Honolulu Hawks,San Antonio Bandits,,,
366,46,11/4/26,Columbus Cougars,Puerto Rico Toros,,,
367,46,11/4/26,Cleveland Demons,Detroit Motors,,,
368,46,11/4/26,Iowa Rebels,Lincoln Lumberjacks,,,
369,47,11/5/26,Montana Miners,Atlanta Cobalts,,,
370,47,11/5/26,North Dakota Bison,Arizona Heat,,,
371,47,11/5/26,Columbus Cougars,Puerto Rico Toros,,,
372,47,11/5/26,Lincoln Lumberjacks,Houston Hammerheads,,,
373,47,11/5/26,Fort Worth Defenders,Denver Mountain Lions,,,
374,47,11/5/26,Charleston Tsunami,Portland Sea Lions,,,
375,47,11/5/26,Kansas City Metrostars,Raleigh Wildcats,,,
376,47,11/5/26,Oklahoma Twisters,South Dakota Spartans,,,
377,48,11/6/26,Honolulu Hawks,Washington Admirals,,,
378,48,11/6/26,Kansas City Metrostars,Oklahoma Twisters,,,
379,48,11/6/26,South Dakota Spartans,San Antonio Bandits,,,
380,48,11/6/26,Cincinnati Thunderbolts,Detroit Motors,,,
381,48,11/6/26,Charleston Tsunami,Atlanta Cobalts,,,
382,48,11/6/26,Nevada Archers,Las Vegas Vipers,,,
383,48,11/6/26,New Orleans Whalers,Baltimore Oceanics,,,
384,48,11/6/26,Seattle Dragons,Lincoln Lumberjacks,,,
385,49,11/7/26,Honolulu Hawks,Fort Worth Defenders,,,
386,49,11/7/26,Charleston Tsunami,Detroit Motors,,,
387,49,11/7/26,Richmond Robbers,Nevada Archers,,,
388,49,11/7/26,Las Vegas Vipers,Seattle Dragons,,,
389,49,11/7/26,Iowa Rebels,Kansas City Metrostars,,,
390,49,11/7/26,Cleveland Demons,New Orleans Whalers,,,
391,49,11/7/26,San Antonio Bandits,Lincoln Lumberjacks,,,
392,49,11/7/26,New York Steamrollers,Arizona Heat,,,
393,50,11/8/26,Nevada Archers,North Dakota Bison,,,
394,50,11/8/26,Denver Mountain Lions,Memphis Cannons,,,
395,50,11/8/26,Honolulu Hawks,Portland Sea Lions,,,
396,50,11/8/26,Arizona Heat,Seattle Dragons,,,
397,50,11/8/26,Columbus Cougars,Atlanta Cobalts,,,
398,50,11/8/26,New York Steamrollers,Brooklyn Bulldogs,,,
399,50,11/8/26,Indianapolis Ghosts,Florida Sunshine,,,
400,50,11/8/26,Raleigh Wildcats,Jacksonville Blood Hounds,,,
401,51,11/9/26,Long Island Blizzard,Baltimore Oceanics,,,
402,51,11/9/26,Seattle Dragons,Nevada Archers,,,
403,51,11/9/26,San Antonio Bandits,St. Louis Leopards,,,
404,51,11/9/26,Detroit Motors,Fort Worth Defenders,,,
405,51,11/9/26,Arizona Heat,Columbus Cougars,,,
406,51,11/9/26,South Dakota Spartans,Iowa Rebels,,,
407,51,11/9/26,Philadelphia Destroyers,Richmond Robbers,,,
408,51,11/9/26,Chicago Rockets,Lincoln Lumberjacks,,,
409,52,11/10/26,Houston Hammerheads,Las Vegas Vipers,,,
410,52,11/10/26,Puerto Rico Toros,Cleveland Demons,,,
411,52,11/10/26,Baltimore Oceanics,Florida Sunshine,,,
412,52,11/10/26,Seattle Dragons,Iowa Rebels,,,
413,52,11/10/26,Oklahoma Twisters,Fort Worth Defenders,,,
414,52,11/10/26,Charleston Tsunami,Cincinnati Thunderbolts,,,
415,52,11/10/26,Montana Miners,Columbus Cougars,,,
416,52,11/10/26,Long Island Blizzard,Chicago Rockets,,,
417,53,11/11/26,Columbus Cougars,New Orleans Whalers,,,
418,53,11/11/26,Atlanta Cobalts,Raleigh Wildcats,,,
419,53,11/11/26,Montana Miners,Oklahoma Twisters,,,
420,53,11/11/26,Denver Mountain Lions,Las Vegas Vipers,,,
421,53,11/11/26,Jacksonville Blood Hounds,Philadelphia Destroyers,,,
422,53,11/11/26,Detroit Motors,South Dakota Spartans,,,
423,53,11/11/26,Chicago Rockets,Indianapolis Ghosts,,,
424,53,11/11/26,San Antonio Bandits,Kansas City Metrostars,,,
425,54,11/12/26,Detroit Motors,Chicago Rockets,,,
426,54,11/12/26,Honolulu Hawks,North Dakota Bison,,,
427,54,11/12/26,Florida Sunshine,Las Vegas Vipers,,,
428,54,11/12/26,Nevada Archers,Washington Admirals,,,
429,54,11/12/26,Seattle Dragons,Fort Worth Defenders,,,
430,54,11/12/26,Richmond Robbers,Indianapolis Ghosts,,,
431,54,11/12/26,Portland Sea Lions,St. Louis Leopards,,,
432,54,11/12/26,Kansas City Metrostars,Philadelphia Destroyers,,,
433,55,11/13/26,Detroit Motors,Columbus Cougars,,,
434,55,11/13/26,Seattle Dragons,Portland Sea Lions,,,
435,55,11/13/26,Chicago Rockets,New Orleans Whalers,,,
436,55,11/13/26,Atlanta Cobalts,Houston Hammerheads,,,
437,55,11/13/26,Richmond Robbers,Jacksonville Blood Hounds,,,
438,55,11/13/26,Indianapolis Ghosts,Long Island Blizzard,,,
439,55,11/13/26,Cleveland Demons,Lincoln Lumberjacks,,,
440,55,11/13/26,Denver Mountain Lions,North Dakota Bison,,,
441,56,11/14/26,North Dakota Bison,Las Vegas Vipers,,,
442,56,11/14/26,Nevada Archers,Portland Sea Lions,,,
443,56,11/14/26,Cleveland Demons,Indianapolis Ghosts,,,
444,56,11/14/26,Atlanta Cobalts,Chicago Rockets,,,
445,56,11/14/26,Baltimore Oceanics,Florida Sunshine,,,
446,56,11/14/26,Tennessee Wolverines,Oklahoma Twisters,,,
447,56,11/14/26,Philadelphia Destroyers,Long Island Blizzard,,,
448,56,11/14/26,San Antonio Bandits,Raleigh Wildcats,,,
449,57,11/15/26,New York Steamrollers,Baltimore Oceanics,,,
450,57,11/15/26,Richmond Robbers,Brooklyn Bulldogs,,,
451,57,11/15/26,Jacksonville Blood Hounds,Charleston Tsunami,,,
452,57,11/15/26,St. Louis Leopards,Iowa Rebels,,,
453,57,11/15/26,Tennessee Wolverines,Detroit Motors,,,
454,57,11/15/26,New Orleans Whalers,Memphis Cannons,,,
455,57,11/15/26,Kansas City Metrostars,Arizona Heat,,,
456,57,11/15/26,Florida Sunshine,North Dakota Bison,,,
457,58,11/16/26,New York Steamrollers,Raleigh Wildcats,,,
458,58,11/16/26,Philadelphia Destroyers,New Orleans Whalers,,,
459,58,11/16/26,San Antonio Bandits,Lincoln Lumberjacks,,,
460,58,11/16/26,Charleston Tsunami,Puerto Rico Toros,,,
461,58,11/16/26,Memphis Cannons,Montana Miners,,,
462,58,11/16/26,North Dakota Bison,St. Louis Leopards,,,
463,58,11/16/26,Nevada Archers,Portland Sea Lions,,,
464,58,11/16/26,Denver Mountain Lions,Cleveland Demons,,,
465,59,11/17/26,Lincoln Lumberjacks,Memphis Cannons,,,
466,59,11/17/26,Jacksonville Blood Hounds,Las Vegas Vipers,,,
467,59,11/17/26,Raleigh Wildcats,Charleston Tsunami,,,
468,59,11/17/26,Tennessee Wolverines,New Orleans Whalers,,,
469,59,11/17/26,Iowa Rebels,Kansas City Metrostars,,,
470,59,11/17/26,Washington Admirals,Puerto Rico Toros,,,
471,59,11/17/26,Honolulu Hawks,Chicago Rockets,,,
472,59,11/17/26,Montana Miners,Cincinnati Thunderbolts,,,
473,60,11/18/26,Montana Miners,Washington Admirals,,,
474,60,11/18/26,New Orleans Whalers,Oklahoma Twisters,,,
475,60,11/18/26,Houston Hammerheads,Iowa Rebels,,,
476,60,11/18/26,South Dakota Spartans,Arizona Heat,,,
477,60,11/18/26,Detroit Motors,Cincinnati Thunderbolts,,,
478,60,11/18/26,Baltimore Oceanics,Charleston Tsunami,,,
479,60,11/18/26,Brooklyn Bulldogs,Florida Sunshine,,,
480,60,11/18/26,Honolulu Hawks,Tennessee Wolverines,,,
481,61,11/19/26,Nevada Archers,Houston Hammerheads,,,
482,61,11/19/26,Portland Sea Lions,Seattle Dragons,,,
483,61,11/19/26,Charleston Tsunami,Baltimore Oceanics,,,
484,61,11/19/26,Columbus Cougars,Indianapolis Ghosts,,,
485,61,11/19/26,San Antonio Bandits,Philadelphia Destroyers,,,
486,61,11/19/26,Puerto Rico Toros,Chicago Rockets,,,
487,61,11/19/26,Oklahoma Twisters,Kansas City Metrostars,,,
488,61,11/19/26,Las Vegas Vipers,New Orleans Whalers,,,
489,62,11/20/26,Arizona Heat,Cincinnati Thunderbolts,,,
490,62,11/20/26,Denver Mountain Lions,New Orleans Whalers,,,
491,62,11/20/26,Las Vegas Vipers,Chicago Rockets,,,
492,62,11/20/26,Iowa Rebels,San Antonio Bandits,,,
493,62,11/20/26,Montana Miners,North Dakota Bison,,,
494,62,11/20/26,Brooklyn Bulldogs,Richmond Robbers,,,
495,62,11/20/26,Memphis Cannons,St. Louis Leopards,,,
496,62,11/20/26,Tennessee Wolverines,Houston Hammerheads,,,
497,63,11/21/26,Tennessee Wolverines,South Dakota Spartans,,,
498,63,11/21/26,Long Island Blizzard,Brooklyn Bulldogs,,,
499,63,11/21/26,Charleston Tsunami,Jacksonville Blood Hounds,,,
500,63,11/21/26,Chicago Rockets,Atlanta Cobalts,,,
501,63,11/21/26,Indianapolis Ghosts,Memphis Cannons,,,
502,63,11/21/26,Seattle Dragons,Houston Hammerheads,,,
503,63,11/21/26,Washington Admirals,San Antonio Bandits,,,
504,63,11/21/26,Lincoln Lumberjacks,Iowa Rebels,,,
505,64,11/22/26,Washington Admirals,Denver Mountain Lions,,,
506,64,11/22/26,New York Steamrollers,Long Island Blizzard,,,
507,64,11/22/26,Richmond Robbers,Charleston Tsunami,,,
508,64,11/22/26,Portland Sea Lions,Memphis Cannons,,,
509,64,11/22/26,Brooklyn Bulldogs,Atlanta Cobalts,,,
510,64,11/22/26,Columbus Cougars,Cincinnati Thunderbolts,,,
511,64,11/22/26,New Orleans Whalers,San Antonio Bandits,,,
512,64,11/22/26,Jacksonville Blood Hounds,Baltimore Oceanics,,,
513,65,11/23/26,Raleigh Wildcats,Richmond Robbers,,,
514,65,11/23/26,Houston Hammerheads,St. Louis Leopards,,,
515,65,11/23/26,Lincoln Lumberjacks,Fort Worth Defenders,,,
516,65,11/23/26,Seattle Dragons,Las Vegas Vipers,,,
517,65,11/23/26,Jacksonville Blood Hounds,North Dakota Bison,,,
518,65,11/23/26,Tennessee Wolverines,Columbus Cougars,,,
519,65,11/23/26,Puerto Rico Toros,Detroit Motors,,,
520,65,11/23/26,Memphis Cannons,Portland Sea Lions,,,
521,66,11/24/26,Puerto Rico Toros,Columbus Cougars,,,
522,66,11/24/26,Nevada Archers,Las Vegas Vipers,,,
523,66,11/24/26,Cincinnati Thunderbolts,Detroit Motors,,,
524,66,11/24/26,Kansas City Metrostars,Oklahoma Twisters,,,
525,66,11/24/26,New York Steamrollers,New Orleans Whalers,,,
526,66,11/24/26,Fort Worth Defenders,Honolulu Hawks,,,
527,66,11/24/26,Montana Miners,Indianapolis Ghosts,,,
528,66,11/24/26,Raleigh Wildcats,Arizona Heat,,,
529,67,11/25/26,New York Steamrollers,Puerto Rico Toros,,,
530,67,11/25/26,Cincinnati Thunderbolts,Columbus Cougars,,,
531,67,11/25/26,Long Island Blizzard,Raleigh Wildcats,,,
532,67,11/25/26,Nevada Archers,Detroit Motors,,,
533,67,11/25/26,Iowa Rebels,Portland Sea Lions,,,
534,67,11/25/26,Memphis Cannons,Denver Mountain Lions,,,
535,67,11/25/26,North Dakota Bison,Washington Admirals,,,
536,67,11/25/26,Jacksonville Blood Hounds,New Orleans Whalers,,,
537,68,11/26/26,Indianapolis Ghosts,Chicago Rockets,,,
538,68,11/26/26,Brooklyn Bulldogs,Jacksonville Blood Hounds,,,
539,68,11/26/26,Las Vegas Vipers,North Dakota Bison,,,
540,68,11/26/26,Baltimore Oceanics,Long Island Blizzard,,,
541,68,11/26/26,Fort Worth Defenders,New York Steamrollers,,,
542,68,11/26/26,Cincinnati Thunderbolts,Cleveland Demons,,,
543,68,11/26/26,Atlanta Cobalts,San Antonio Bandits,,,
544,68,11/26/26,Detroit Motors,Tennessee Wolverines,,,
545,69,11/27/26,Florida Sunshine,Chicago Rockets,,,
546,69,11/27/26,Arizona Heat,Washington Admirals,,,
547,69,11/27/26,Long Island Blizzard,Jacksonville Blood Hounds,,,
548,69,11/27/26,Denver Mountain Lions,Detroit Motors,,,
549,69,11/27/26,North Dakota Bison,Lincoln Lumberjacks,,,
550,69,11/27/26,Houston Hammerheads,Honolulu Hawks,,,
551,69,11/27/26,Montana Miners,Puerto Rico Toros,,,
552,69,11/27/26,New Orleans Whalers,Brooklyn Bulldogs,,,
553,70,11/28/26,Charleston Tsunami,Baltimore Oceanics,,,
554,70,11/28/26,Denver Mountain Lions,Portland Sea Lions,,,
555,70,11/28/26,Seattle Dragons,Honolulu Hawks,,,
556,70,11/28/26,Indianapolis Ghosts,Cincinnati Thunderbolts,,,
557,70,11/28/26,Washington Admirals,Nevada Archers,,,
558,70,11/28/26,Richmond Robbers,Long Island Blizzard,,,
559,70,11/28/26,Tennessee Wolverines,New Orleans Whalers,,,
560,70,11/28/26,Puerto Rico Toros,Houston Hammerheads,,,
561,71,11/29/26,Raleigh Wildcats,Nevada Archers,,,
562,71,11/29/26,St. Louis Leopards,Philadelphia Destroyers,,,
563,71,11/29/26,Seattle Dragons,Montana Miners,,,
564,71,11/29/26,Honolulu Hawks,Washington Admirals,,,
565,71,11/29/26,Long Island Blizzard,Arizona Heat,,,
566,71,11/29/26,Houston Hammerheads,South Dakota Spartans,,,
567,71,11/29/26,Tennessee Wolverines,San Antonio Bandits,,,
568,71,11/29/26,New Orleans Whalers,Columbus Cougars,,,
569,72,11/30/26,Washington Admirals,Atlanta Cobalts,,,
570,72,11/30/26,Tennessee Wolverines,New Orleans Whalers,,,
571,72,11/30/26,Detroit Motors,Iowa Rebels,,,
572,72,11/30/26,Oklahoma Twisters,Brooklyn Bulldogs,,,
573,72,11/30/26,Long Island Blizzard,Cleveland Demons,,,
574,72,11/30/26,Kansas City Metrostars,Fort Worth Defenders,,,
575,72,11/30/26,Philadelphia Destroyers,Jacksonville Blood Hounds,,,
576,72,11/30/26,Puerto Rico Toros,Indianapolis Ghosts,,,
577,73,12/1/26,St. Louis Leopards,Houston Hammerheads,,,
578,73,12/1/26,Denver Mountain Lions,Washington Admirals,,,
579,73,12/1/26,New Orleans Whalers,Cincinnati Thunderbolts,,,
580,73,12/1/26,Lincoln Lumberjacks,New York Steamrollers,,,
581,73,12/1/26,Nevada Archers,Fort Worth Defenders,,,
582,73,12/1/26,Charleston Tsunami,Jacksonville Blood Hounds,,,
583,73,12/1/26,San Antonio Bandits,Florida Sunshine,,,
584,73,12/1/26,Iowa Rebels,South Dakota Spartans,,,
585,74,12/2/26,Detroit Motors,Lincoln Lumberjacks,,,
586,74,12/2/26,Baltimore Oceanics,Chicago Rockets,,,
587,74,12/2/26,North Dakota Bison,Honolulu Hawks,,,
588,74,12/2/26,Florida Sunshine,Long Island Blizzard,,,
589,74,12/2/26,Charleston Tsunami,Raleigh Wildcats,,,
590,74,12/2/26,Houston Hammerheads,South Dakota Spartans,,,
591,74,12/2/26,Atlanta Cobalts,Oklahoma Twisters,,,
592,74,12/2/26,Columbus Cougars,Tennessee Wolverines,,,
593,75,12/3/26,Denver Mountain Lions,Atlanta Cobalts,,,
594,75,12/3/26,Raleigh Wildcats,Long Island Blizzard,,,
595,75,12/3/26,Las Vegas Vipers,North Dakota Bison,,,
596,75,12/3/26,St. Louis Leopards,Baltimore Oceanics,,,
597,75,12/3/26,Cleveland Demons,Tennessee Wolverines,,,
598,75,12/3/26,Houston Hammerheads,Oklahoma Twisters,,,
599,75,12/3/26,Iowa Rebels,Memphis Cannons,,,
600,75,12/3/26,Lincoln Lumberjacks,Kansas City Metrostars,,,
601,76,12/4/26,Houston Hammerheads,Portland Sea Lions,,,
602,76,12/4/26,Philadelphia Destroyers,Long Island Blizzard,,,
603,76,12/4/26,Nevada Archers,Seattle Dragons,,,
604,76,12/4/26,Arizona Heat,Tennessee Wolverines,,,
605,76,12/4/26,St. Louis Leopards,Oklahoma Twisters,,,
606,76,12/4/26,Washington Admirals,Detroit Motors,,,
607,76,12/4/26,Montana Miners,San Antonio Bandits,,,
608,76,12/4/26,Brooklyn Bulldogs,Denver Mountain Lions,,,
609,77,12/5/26,Iowa Rebels,Washington Admirals,,,
610,77,12/5/26,Atlanta Cobalts,Lincoln Lumberjacks,,,
611,77,12/5/26,Memphis Cannons,Seattle Dragons,,,
612,77,12/5/26,San Antonio Bandits,New York Steamrollers,,,
613,77,12/5/26,Tennessee Wolverines,Puerto Rico Toros,,,
614,77,12/5/26,Columbus Cougars,Charleston Tsunami,,,
615,77,12/5/26,Denver Mountain Lions,Arizona Heat,,,
616,77,12/5/26,Florida Sunshine,Philadelphia Destroyers,,,
617,78,12/6/26,Lincoln Lumberjacks,South Dakota Spartans,,,
618,78,12/6/26,Kansas City Metrostars,Iowa Rebels,,,
619,78,12/6/26,Baltimore Oceanics,Las Vegas Vipers,,,
620,78,12/6/26,Cincinnati Thunderbolts,New Orleans Whalers,,,
621,78,12/6/26,San Antonio Bandits,St. Louis Leopards,,,
622,78,12/6/26,Fort Worth Defenders,Houston Hammerheads,,,
623,78,12/6/26,Jacksonville Blood Hounds,Washington Admirals,,,
624,78,12/6/26,Columbus Cougars,Oklahoma Twisters,,,
625,79,12/7/26,St. Louis Leopards,Honolulu Hawks,,,
626,79,12/7/26,Indianapolis Ghosts,Atlanta Cobalts,,,
627,79,12/7/26,Brooklyn Bulldogs,Jacksonville Blood Hounds,,,
628,79,12/7/26,Oklahoma Twisters,North Dakota Bison,,,
629,79,12/7/26,San Antonio Bandits,South Dakota Spartans,,,
630,79,12/7/26,Washington Admirals,Las Vegas Vipers,,,
631,79,12/7/26,Memphis Cannons,Kansas City Metrostars,,,
632,79,12/7/26,Raleigh Wildcats,Tennessee Wolverines,,,
633,80,12/8/26,Richmond Robbers,Philadelphia Destroyers,,,
634,80,12/8/26,Las Vegas Vipers,Montana Miners,,,
635,80,12/8/26,Tennessee Wolverines,Memphis Cannons,,,
636,80,12/8/26,Chicago Rockets,Brooklyn Bulldogs,,,
637,80,12/8/26,Houston Hammerheads,Oklahoma Twisters,,,
638,80,12/8/26,Detroit Motors,Cleveland Demons,,,
639,80,12/8/26,Cincinnati Thunderbolts,Fort Worth Defenders,,,
640,80,12/8/26,North Dakota Bison,Honolulu Hawks,,,
641,81,12/9/26,Tennessee Wolverines,Puerto Rico Toros,,,
642,81,12/9/26,Florida Sunshine,Denver Mountain Lions,,,
643,81,12/9/26,Seattle Dragons,North Dakota Bison,,,
644,81,12/9/26,South Dakota Spartans,Brooklyn Bulldogs,,,
645,81,12/9/26,San Antonio Bandits,Houston Hammerheads,,,
646,81,12/9/26,Las Vegas Vipers,Atlanta Cobalts,,,
647,81,12/9/26,Philadelphia Destroyers,Charleston Tsunami,,,
648,81,12/9/26,Lincoln Lumberjacks,Memphis Cannons,,,
649,82,12/10/26,St. Louis Leopards,Portland Sea Lions,,,
650,82,12/10/26,Seattle Dragons,Washington Admirals,,,
651,82,12/10/26,Fort Worth Defenders,South Dakota Spartans,,,
652,82,12/10/26,Arizona Heat,Lincoln Lumberjacks,,,
653,82,12/10/26,Memphis Cannons,Houston Hammerheads,,,
654,82,12/10/26,Chicago Rockets,Puerto Rico Toros,,,
655,82,12/10/26,North Dakota Bison,San Antonio Bandits,,,
656,82,12/10/26,Kansas City Metrostars,Nevada Archers,,,
657,83,12/11/26,Kansas City Metrostars,Florida Sunshine,,,
658,83,12/11/26,Jacksonville Blood Hounds,Brooklyn Bulldogs,,,
659,83,12/11/26,Houston Hammerheads,Charleston Tsunami,,,
660,83,12/11/26,Denver Mountain Lions,Cincinnati Thunderbolts,,,
661,83,12/11/26,Cleveland Demons,South Dakota Spartans,,,
662,83,12/11/26,Columbus Cougars,St. Louis Leopards,,,
663,83,12/11/26,Portland Sea Lions,Atlanta Cobalts,,,
664,83,12/11/26,Puerto Rico Toros,Iowa Rebels,,,
665,84,12/12/26,Brooklyn Bulldogs,Indianapolis Ghosts,,,
666,84,12/12/26,Richmond Robbers,New Orleans Whalers,,,
667,84,12/12/26,Fort Worth Defenders,San Antonio Bandits,,,
668,84,12/12/26,Nevada Archers,St. Louis Leopards,,,
669,84,12/12/26,Columbus Cougars,Raleigh Wildcats,,,
670,84,12/12/26,Iowa Rebels,Seattle Dragons,,,
671,84,12/12/26,Kansas City Metrostars,Memphis Cannons,,,
672,84,12/12/26,Puerto Rico Toros,New York Steamrollers,,,
673,85,12/13/26,Oklahoma Twisters,Baltimore Oceanics,,,
674,85,12/13/26,Houston Hammerheads,San Antonio Bandits,,,
675,85,12/13/26,Chicago Rockets,Long Island Blizzard,,,
676,85,12/13/26,Memphis Cannons,Fort Worth Defenders,,,
677,85,12/13/26,Raleigh Wildcats,Indianapolis Ghosts,,,
678,85,12/13/26,Portland Sea Lions,New Orleans Whalers,,,
679,85,12/13/26,Philadelphia Destroyers,Charleston Tsunami,,,
680,85,12/13/26,Arizona Heat,South Dakota Spartans,,,
681,86,12/14/26,Houston Hammerheads,Long Island Blizzard,,,
682,86,12/14/26,North Dakota Bison,Atlanta Cobalts,,,
683,86,12/14/26,Philadelphia Destroyers,Jacksonville Blood Hounds,,,
684,86,12/14/26,St. Louis Leopards,New York Steamrollers,,,
685,86,12/14/26,Nevada Archers,San Antonio Bandits,,,
686,86,12/14/26,Chicago Rockets,Tennessee Wolverines,,,
687,86,12/14/26,Florida Sunshine,Baltimore Oceanics,,,
688,86,12/14/26,Washington Admirals,Seattle Dragons,,,
689,87,12/15/26,Kansas City Metrostars,Lincoln Lumberjacks,,,
690,87,12/15/26,Fort Worth Defenders,Richmond Robbers,,,
691,87,12/15/26,St. Louis Leopards,San Antonio Bandits,,,
692,87,12/15/26,Arizona Heat,Houston Hammerheads,,,
693,87,12/15/26,Cleveland Demons,Atlanta Cobalts,,,
694,87,12/15/26,Chicago Rockets,Columbus Cougars,,,
695,87,12/15/26,New York Steamrollers,Philadelphia Destroyers,,,
696,87,12/15/26,Raleigh Wildcats,Cincinnati Thunderbolts,,,
697,88,12/16/26,Kansas City Metrostars,North Dakota Bison,,,
698,88,12/16/26,Charleston Tsunami,Florida Sunshine,,,
699,88,12/16/26,Arizona Heat,Montana Miners,,,
700,88,12/16/26,Chicago Rockets,Puerto Rico Toros,,,
701,88,12/16/26,Las Vegas Vipers,Tennessee Wolverines,,,
702,88,12/16/26,Detroit Motors,New Orleans Whalers,,,
703,88,12/16/26,Portland Sea Lions,Cincinnati Thunderbolts,,,
704,88,12/16/26,Nevada Archers,Seattle Dragons,,,
705,89,12/17/26,Atlanta Cobalts,Cincinnati Thunderbolts,,,
706,89,12/17/26,Montana Miners,North Dakota Bison,,,
707,89,12/17/26,Columbus Cougars,Brooklyn Bulldogs,,,
708,89,12/17/26,Portland Sea Lions,Detroit Motors,,,
709,89,12/17/26,Las Vegas Vipers,Memphis Cannons,,,
710,89,12/17/26,Lincoln Lumberjacks,Long Island Blizzard,,,
711,89,12/17/26,Washington Admirals,Oklahoma Twisters,,,
712,89,12/17/26,Jacksonville Blood Hounds,Florida Sunshine,,,
713,90,12/18/26,Atlanta Cobalts,Cleveland Demons,,,
714,90,12/18/26,Philadelphia Destroyers,Brooklyn Bulldogs,,,
715,90,12/18/26,Raleigh Wildcats,Puerto Rico Toros,,,
716,90,12/18/26,Montana Miners,Portland Sea Lions,,,
717,90,12/18/26,Honolulu Hawks,Iowa Rebels,,,
718,90,12/18/26,Chicago Rockets,New Orleans Whalers,,,
719,90,12/18/26,Nevada Archers,Oklahoma Twisters,,,
720,90,12/18/26,Detroit Motors,Indianapolis Ghosts,,,
721,91,12/19/26,Portland Sea Lions,Seattle Dragons,,,
722,91,12/19/26,Lincoln Lumberjacks,Charleston Tsunami,,,
723,91,12/19/26,Arizona Heat,Fort Worth Defenders,,,
724,91,12/19/26,South Dakota Spartans,Richmond Robbers,,,
725,91,12/19/26,New Orleans Whalers,Puerto Rico Toros,,,
726,91,12/19/26,Washington Admirals,Nevada Archers,,,
727,91,12/19/26,Jacksonville Blood Hounds,Philadelphia Destroyers,,,
728,91,12/19/26,Indianapolis Ghosts,Raleigh Wildcats,,,
729,92,12/20/26,Arizona Heat,Denver Mountain Lions,,,
730,92,12/20/26,Seattle Dragons,Montana Miners,,,
731,92,12/20/26,Long Island Blizzard,Richmond Robbers,,,
732,92,12/20/26,Atlanta Cobalts,Kansas City Metrostars,,,
733,92,12/20/26,Cleveland Demons,Oklahoma Twisters,,,
734,92,12/20/26,Detroit Motors,San Antonio Bandits,,,
735,92,12/20/26,Nevada Archers,Indianapolis Ghosts,,,
736,92,12/20/26,Portland Sea Lions,Fort Worth Defenders,,,
737,93,12/21/26,Las Vegas Vipers,Arizona Heat,,,
738,93,12/21/26,Portland Sea Lions,Kansas City Metrostars,,,
739,93,12/21/26,Charleston Tsunami,Brooklyn Bulldogs,,,
740,93,12/21/26,New York Steamrollers,Cincinnati Thunderbolts,,,
741,93,12/21/26,Cleveland Demons,Detroit Motors,,,
742,93,12/21/26,Oklahoma Twisters,San Antonio Bandits,,,
743,93,12/21/26,Florida Sunshine,New Orleans Whalers,,,
744,93,12/21/26,Memphis Cannons,South Dakota Spartans,,,
745,94,12/22/26,Columbus Cougars,Detroit Motors,,,
746,94,12/22/26,Cincinnati Thunderbolts,Iowa Rebels,,,
747,94,12/22/26,Fort Worth Defenders,Washington Admirals,,,
748,94,12/22/26,Cleveland Demons,Philadelphia Destroyers,,,
749,94,12/22/26,Montana Miners,New Orleans Whalers,,,
750,94,12/22/26,Denver Mountain Lions,South Dakota Spartans,,,
751,94,12/22/26,Honolulu Hawks,Arizona Heat,,,
752,94,12/22/26,Portland Sea Lions,Houston Hammerheads,,,
753,95,12/23/26,Portland Sea Lions,Iowa Rebels,,,
754,95,12/23/26,Oklahoma Twisters,Washington Admirals,,,
755,95,12/23/26,Long Island Blizzard,New York Steamrollers,,,
756,95,12/23/26,Cincinnati Thunderbolts,Kansas City Metrostars,,,
757,95,12/23/26,Las Vegas Vipers,Detroit Motors,,,
758,95,12/23/26,Tennessee Wolverines,Atlanta Cobalts,,,
759,95,12/23/26,Puerto Rico Toros,Philadelphia Destroyers,,,
760,95,12/23/26,Brooklyn Bulldogs,Richmond Robbers,,,
761,96,12/24/26,St. Louis Leopards,Jacksonville Blood Hounds,,,
762,96,12/24/26,Richmond Robbers,Florida Sunshine,,,
763,96,12/24/26,Kansas City Metrostars,Seattle Dragons,,,
764,96,12/24/26,Oklahoma Twisters,Iowa Rebels,,,
765,96,12/24/26,Denver Mountain Lions,Arizona Heat,,,
766,96,12/24/26,Las Vegas Vipers,Cleveland Demons,,,
767,96,12/24/26,Detroit Motors,Long Island Blizzard,,,
768,96,12/24/26,Houston Hammerheads,North Dakota Bison,,,
769,97,12/25/26,Oklahoma Twisters,Philadelphia Destroyers,,,
770,97,12/25/26,North Dakota Bison,New Orleans Whalers,,,
771,97,12/25/26,Houston Hammerheads,Jacksonville Blood Hounds,,,
772,97,12/25/26,Nevada Archers,South Dakota Spartans,,,
773,97,12/25/26,Charleston Tsunami,Honolulu Hawks,,,
774,97,12/25/26,Fort Worth Defenders,Long Island Blizzard,,,
775,97,12/25/26,Lincoln Lumberjacks,Kansas City Metrostars,,,
776,97,12/25/26,St. Louis Leopards,Las Vegas Vipers,,,
777,98,12/26/26,Honolulu Hawks,New Orleans Whalers,,,
778,98,12/26/26,St. Louis Leopards,Washington Admirals,,,
779,98,12/26/26,Richmond Robbers,New York Steamrollers,,,
780,98,12/26/26,Cincinnati Thunderbolts,Houston Hammerheads,,,
781,98,12/26/26,Detroit Motors,Florida Sunshine,,,
782,98,12/26/26,Indianapolis Ghosts,Fort Worth Defenders,,,
783,98,12/26/26,Long Island Blizzard,Charleston Tsunami,,,
784,98,12/26/26,Kansas City Metrostars,Portland Sea Lions,,,
785,99,12/27/26,Long Island Blizzard,Florida Sunshine,,,
786,99,12/27/26,Arizona Heat,Seattle Dragons,,,
787,99,12/27/26,Atlanta Cobalts,Tennessee Wolverines,,,
788,99,12/27/26,Indianapolis Ghosts,Charleston Tsunami,,,
789,99,12/27/26,Kansas City Metrostars,Washington Admirals,,,
790,99,12/27/26,Jacksonville Blood Hounds,Richmond Robbers,,,
791,99,12/27/26,Houston Hammerheads,Raleigh Wildcats,,,
792,99,12/27/26,Lincoln Lumberjacks,Oklahoma Twisters,,,
793,100,12/28/26,Richmond Robbers,Baltimore Oceanics,,,
794,100,12/28/26,Atlanta Cobalts,Indianapolis Ghosts,,,
795,100,12/28/26,Detroit Motors,Oklahoma Twisters,,,
796,100,12/28/26,Philadelphia Destroyers,Denver Mountain Lions,,,
797,100,12/28/26,Memphis Cannons,Raleigh Wildcats,,,
798,100,12/28/26,Fort Worth Defenders,Arizona Heat,,,
799,100,12/28/26,Puerto Rico Toros,Cincinnati Thunderbolts,,,
800,100,12/28/26,St. Louis Leopards,Lincoln Lumberjacks,,,
801,101,12/29/26,Cleveland Demons,Long Island Blizzard,,,
802,101,12/29/26,St. Louis Leopards,Arizona Heat,,,
803,101,12/29/26,Baltimore Oceanics,North Dakota Bison,,,
804,101,12/29/26,Florida Sunshine,Seattle Dragons,,,
805,101,12/29/26,Indianapolis Ghosts,Puerto Rico Toros,,,
806,101,12/29/26,Jacksonville Blood Hounds,Atlanta Cobalts,,,
807,101,12/29/26,Portland Sea Lions,Washington Admirals,,,
808,101,12/29/26,Columbus Cougars,Iowa Rebels,,,
809,102,12/30/26,Philadelphia Destroyers,Florida Sunshine,,,
810,102,12/30/26,Honolulu Hawks,Montana Miners,,,
811,102,12/30/26,Las Vegas Vipers,San Antonio Bandits,,,
812,102,12/30/26,New Orleans Whalers,Cincinnati Thunderbolts,,,
813,102,12/30/26,Nevada Archers,Tennessee Wolverines,,,
814,102,12/30/26,Denver Mountain Lions,Seattle Dragons,,,
815,102,12/30/26,Jacksonville Blood Hounds,Cleveland Demons,,,
816,102,12/30/26,Memphis Cannons,North Dakota Bison,,,
817,103,12/31/26,Arizona Heat,New Orleans Whalers,,,
818,103,12/31/26,Las Vegas Vipers,Houston Hammerheads,,,
819,103,12/31/26,Montana Miners,Lincoln Lumberjacks,,,
820,103,12/31/26,New York Steamrollers,Florida Sunshine,,,
821,103,12/31/26,Memphis Cannons,Oklahoma Twisters,,,
822,103,12/31/26,Atlanta Cobalts,Chicago Rockets,,,
823,103,12/31/26,South Dakota Spartans,Fort Worth Defenders,,,
824,103,12/31/26,Nevada Archers,Denver Mountain Lions,,,
825,104,1/1/27,Kansas City Metrostars,Lincoln Lumberjacks,,,
826,104,1/1/27,Fort Worth Defenders,South Dakota Spartans,,,
827,104,1/1/27,New Orleans Whalers,Atlanta Cobalts,,,
828,104,1/1/27,Arizona Heat,San Antonio Bandits,,,
829,104,1/1/27,Richmond Robbers,North Dakota Bison,,,
830,104,1/1/27,Las Vegas Vipers,Montana Miners,,,
831,104,1/1/27,St. Louis Leopards,Denver Mountain Lions,,,
832,104,1/1/27,Cleveland Demons,Brooklyn Bulldogs,,,
833,105,1/2/27,Las Vegas Vipers,St. Louis Leopards,,,
834,105,1/2/27,Long Island Blizzard,Brooklyn Bulldogs,,,
835,105,1/2/27,Indianapolis Ghosts,Richmond Robbers,,,
836,105,1/2/27,Oklahoma Twisters,Charleston Tsunami,,,
837,105,1/2/27,Cleveland Demons,San Antonio Bandits,,,
838,105,1/2/27,Houston Hammerheads,Lincoln Lumberjacks,,,
839,105,1/2/27,Seattle Dragons,South Dakota Spartans,,,
840,105,1/2/27,North Dakota Bison,Nevada Archers,,,
841,106,1/3/27,Cincinnati Thunderbolts,Brooklyn Bulldogs,,,
842,106,1/3/27,Oklahoma Twisters,South Dakota Spartans,,,
843,106,1/3/27,St. Louis Leopards,Charleston Tsunami,,,
844,106,1/3/27,Jacksonville Blood Hounds,Detroit Motors,,,
845,106,1/3/27,Puerto Rico Toros,Baltimore Oceanics,,,
846,106,1/3/27,New York Steamrollers,Raleigh Wildcats,,,
847,106,1/3/27,North Dakota Bison,Washington Admirals,,,
848,106,1/3/27,Columbus Cougars,New Orleans Whalers,,,
849,107,1/4/27,Puerto Rico Toros,Fort Worth Defenders,,,
850,107,1/4/27,New York Steamrollers,Tennessee Wolverines,,,
851,107,1/4/27,South Dakota Spartans,Philadelphia Destroyers,,,
852,107,1/4/27,Long Island Blizzard,Detroit Motors,,,
853,107,1/4/27,Brooklyn Bulldogs,Raleigh Wildcats,,,
854,107,1/4/27,Lincoln Lumberjacks,North Dakota Bison,,,
855,107,1/4/27,Las Vegas Vipers,Nevada Archers,,,
856,107,1/4/27,Cleveland Demons,Chicago Rockets,,,
857,108,1/5/27,Kansas City Metrostars,Oklahoma Twisters,,,
858,108,1/5/27,Philadelphia Destroyers,Chicago Rockets,,,
859,108,1/5/27,South Dakota Spartans,Nevada Archers,,,
860,108,1/5/27,Puerto Rico Toros,Richmond Robbers,,,
861,108,1/5/27,Atlanta Cobalts,Cincinnati Thunderbolts,,,
862,108,1/5/27,Houston Hammerheads,Montana Miners,,,
863,108,1/5/27,San Antonio Bandits,Denver Mountain Lions,,,
864,108,1/5/27,Baltimore Oceanics,Detroit Motors,,,
865,109,1/6/27,Seattle Dragons,Montana Miners,,,
866,109,1/6/27,Kansas City Metrostars,Memphis Cannons,,,
867,109,1/6/27,Fort Worth Defenders,North Dakota Bison,,,
868,109,1/6/27,Cincinnati Thunderbolts,South Dakota Spartans,,,
869,109,1/6/27,Portland Sea Lions,Nevada Archers,,,
870,109,1/6/27,Philadelphia Destroyers,Cleveland Demons,,,
871,109,1/6/27,Lincoln Lumberjacks,Arizona Heat,,,
872,109,1/6/27,New Orleans Whalers,Indianapolis Ghosts,,,
873,110,1/7/27,Kansas City Metrostars,Fort Worth Defenders,,,
874,110,1/7/27,Iowa Rebels,Lincoln Lumberjacks,,,
875,110,1/7/27,Tennessee Wolverines,Columbus Cougars,,,
876,110,1/7/27,Oklahoma Twisters,Denver Mountain Lions,,,
877,110,1/7/27,Baltimore Oceanics,Cincinnati Thunderbolts,,,
878,110,1/7/27,Raleigh Wildcats,Cleveland Demons,,,
879,110,1/7/27,San Antonio Bandits,South Dakota Spartans,,,
880,110,1/7/27,Philadelphia Destroyers,Washington Admirals,,,
881,111,1/8/27,Tennessee Wolverines,Indianapolis Ghosts,,,
882,111,1/8/27,North Dakota Bison,Seattle Dragons,,,
883,111,1/8/27,Puerto Rico Toros,Cleveland Demons,,,
884,111,1/8/27,Chicago Rockets,Oklahoma Twisters,,,
885,111,1/8/27,Denver Mountain Lions,Columbus Cougars,,,
886,111,1/8/27,Cincinnati Thunderbolts,San Antonio Bandits,,,
887,111,1/8/27,Montana Miners,Honolulu Hawks,,,
888,111,1/8/27,Washington Admirals,Portland Sea Lions,,,
889,112,1/9/27,Philadelphia Destroyers,Honolulu Hawks,,,
890,112,1/9/27,Cleveland Demons,Detroit Motors,,,
891,112,1/9/27,Montana Miners,Portland Sea Lions,,,
892,112,1/9/27,Richmond Robbers,Puerto Rico Toros,,,
893,112,1/9/27,Raleigh Wildcats,Chicago Rockets,,,
894,112,1/9/27,Cincinnati Thunderbolts,Indianapolis Ghosts,,,
895,112,1/9/27,North Dakota Bison,Columbus Cougars,,,
896,112,1/9/27,Washington Admirals,New Orleans Whalers,,,
897,113,1/10/27,Indianapolis Ghosts,Kansas City Metrostars,,,
898,113,1/10/27,Philadelphia Destroyers,New York Steamrollers,,,
899,113,1/10/27,Richmond Robbers,Tennessee Wolverines,,,
900,113,1/10/27,Montana Miners,St. Louis Leopards,,,
901,113,1/10/27,Charleston Tsunami,Jacksonville Blood Hounds,,,
902,113,1/10/27,South Dakota Spartans,Portland Sea Lions,,,
903,113,1/10/27,Long Island Blizzard,Atlanta Cobalts,,,
904,113,1/10/27,Baltimore Oceanics,Brooklyn Bulldogs,,,
905,114,1/11/27,Oklahoma Twisters,Long Island Blizzard,,,
906,114,1/11/27,Memphis Cannons,South Dakota Spartans,,,
907,114,1/11/27,New Orleans Whalers,Charleston Tsunami,,,
908,114,1/11/27,Montana Miners,Tennessee Wolverines,,,
909,114,1/11/27,Cleveland Demons,Chicago Rockets,,,
910,114,1/11/27,Honolulu Hawks,Denver Mountain Lions,,,
911,114,1/11/27,Indianapolis Ghosts,Columbus Cougars,,,
912,114,1/11/27,Las Vegas Vipers,Portland Sea Lions,,,
913,115,1/12/27,South Dakota Spartans,Montana Miners,,,
914,115,1/12/27,Detroit Motors,New York Steamrollers,,,
915,115,1/12/27,St. Louis Leopards,Houston Hammerheads,,,
916,115,1/12/27,Columbus Cougars,Fort Worth Defenders,,,
917,115,1/12/27,Raleigh Wildcats,Richmond Robbers,,,
918,115,1/12/27,Long Island Blizzard,Philadelphia Destroyers,,,
919,115,1/12/27,North Dakota Bison,Tennessee Wolverines,,,
920,115,1/12/27,Florida Sunshine,Nevada Archers,,,
921,116,1/13/27,Arizona Heat,Cleveland Demons,,,
922,116,1/13/27,Fort Worth Defenders,St. Louis Leopards,,,
923,116,1/13/27,Tennessee Wolverines,Charleston Tsunami,,,
924,116,1/13/27,Philadelphia Destroyers,Seattle Dragons,,,
925,116,1/13/27,Nevada Archers,Lincoln Lumberjacks,,,
926,116,1/13/27,Raleigh Wildcats,North Dakota Bison,,,
927,116,1/13/27,Washington Admirals,Columbus Cougars,,,
928,116,1/13/27,Montana Miners,Kansas City Metrostars,,,
929,117,1/14/27,Brooklyn Bulldogs,New Orleans Whalers,,,
930,117,1/14/27,New York Steamrollers,Charleston Tsunami,,,
931,117,1/14/27,Honolulu Hawks,Montana Miners,,,
932,117,1/14/27,Memphis Cannons,Nevada Archers,,,
933,117,1/14/27,Seattle Dragons,Washington Admirals,,,
934,117,1/14/27,Iowa Rebels,Denver Mountain Lions,,,
935,117,1/14/27,Raleigh Wildcats,Jacksonville Blood Hounds,,,
936,117,1/14/27,Kansas City Metrostars,Baltimore Oceanics,,,
937,118,1/15/27,Cincinnati Thunderbolts,Chicago Rockets,,,
938,118,1/15/27,Arizona Heat,Atlanta Cobalts,,,
939,118,1/15/27,Houston Hammerheads,Memphis Cannons,,,
940,118,1/15/27,Baltimore Oceanics,Honolulu Hawks,,,
941,118,1/15/27,Denver Mountain Lions,Washington Admirals,,,
942,118,1/15/27,Jacksonville Blood Hounds,Philadelphia Destroyers,,,
943,118,1/15/27,Las Vegas Vipers,South Dakota Spartans,,,
944,118,1/15/27,Tennessee Wolverines,Puerto Rico Toros,,,
945,119,1/16/27,Iowa Rebels,Philadelphia Destroyers,,,
946,119,1/16/27,Denver Mountain Lions,Puerto Rico Toros,,,
947,119,1/16/27,Baltimore Oceanics,Jacksonville Blood Hounds,,,
948,119,1/16/27,New Orleans Whalers,Detroit Motors,,,
949,119,1/16/27,Oklahoma Twisters,Nevada Archers,,,
950,119,1/16/27,Lincoln Lumberjacks,Seattle Dragons,,,
951,119,1/16/27,Long Island Blizzard,Portland Sea Lions,,,
952,119,1/16/27,St. Louis Leopards,Florida Sunshine,,,
953,120,1/17/27,Montana Miners,Denver Mountain Lions,,,
954,120,1/17/27,Puerto Rico Toros,South Dakota Spartans,,,
955,120,1/17/27,Indianapolis Ghosts,New Orleans Whalers,,,
956,120,1/17/27,Columbus Cougars,Cleveland Demons,,,
957,120,1/17/27,Atlanta Cobalts,Charleston Tsunami,,,
958,120,1/17/27,Raleigh Wildcats,New York Steamrollers,,,
959,120,1/17/27,Houston Hammerheads,San Antonio Bandits,,,
960,120,1/17/27,Tennessee Wolverines,Kansas City Metrostars,,,
961,121,1/18/27,San Antonio Bandits,Oklahoma Twisters,,,
962,121,1/18/27,Columbus Cougars,Memphis Cannons,,,
963,121,1/18/27,Kansas City Metrostars,Jacksonville Blood Hounds,,,
964,121,1/18/27,New Orleans Whalers,South Dakota Spartans,,,
965,121,1/18/27,Raleigh Wildcats,Brooklyn Bulldogs,,,
966,121,1/18/27,Puerto Rico Toros,Indianapolis Ghosts,,,
967,121,1/18/27,Portland Sea Lions,Las Vegas Vipers,,,
968,121,1/18/27,Washington Admirals,Seattle Dragons,,,
969,122,1/19/27,Atlanta Cobalts,Long Island Blizzard,,,
970,122,1/19/27,Chicago Rockets,Philadelphia Destroyers,,,
971,122,1/19/27,Florida Sunshine,New York Steamrollers,,,
972,122,1/19/27,San Antonio Bandits,Fort Worth Defenders,,,
973,122,1/19/27,Brooklyn Bulldogs,Richmond Robbers,,,
974,122,1/19/27,Arizona Heat,Puerto Rico Toros,,,
975,122,1/19/27,St. Louis Leopards,South Dakota Spartans,,,
976,122,1/19/27,Cleveland Demons,Iowa Rebels,,,
977,123,1/20/27,Iowa Rebels,Honolulu Hawks,,,
978,123,1/20/27,Richmond Robbers,Cleveland Demons,,,
979,123,1/20/27,St. Louis Leopards,Brooklyn Bulldogs,,,
980,123,1/20/27,Chicago Rockets,Florida Sunshine,,,
981,123,1/20/27,Charleston Tsunami,Seattle Dragons,,,
982,123,1/20/27,San Antonio Bandits,Oklahoma Twisters,,,
983,123,1/20/27,Baltimore Oceanics,Puerto Rico Toros,,,
984,123,1/20/27,Denver Mountain Lions,Portland Sea Lions,,,
985,124,1/21/27,New York Steamrollers,Long Island Blizzard,,,
986,124,1/21/27,St. Louis Leopards,North Dakota Bison,,,
987,124,1/21/27,Chicago Rockets,Atlanta Cobalts,,,
988,124,1/21/27,Florida Sunshine,Cincinnati Thunderbolts,,,
989,124,1/21/27,Baltimore Oceanics,Seattle Dragons,,,
990,124,1/21/27,Las Vegas Vipers,Denver Mountain Lions,,,
991,124,1/21/27,Honolulu Hawks,Nevada Archers,,,
992,124,1/21/27,Brooklyn Bulldogs,Philadelphia Destroyers,,,
993,125,1/22/27,New Orleans Whalers,Kansas City Metrostars,,,
994,125,1/22/27,Philadelphia Destroyers,Raleigh Wildcats,,,
995,125,1/22/27,Memphis Cannons,San Antonio Bandits,,,
996,125,1/22/27,Atlanta Cobalts,Cleveland Demons,,,
997,125,1/22/27,Jacksonville Blood Hounds,Cincinnati Thunderbolts,,,
998,125,1/22/27,Houston Hammerheads,Iowa Rebels,,,
999,125,1/22/27,Tennessee Wolverines,Detroit Motors,,,
1000,125,1/22/27,North Dakota Bison,Las Vegas Vipers,,,
1001,126,1/23/27,Seattle Dragons,Arizona Heat,,,
1002,126,1/23/27,Richmond Robbers,Denver Mountain Lions,,,
1003,126,1/23/27,Jacksonville Blood Hounds,Baltimore Oceanics,,,
1004,126,1/23/27,Iowa Rebels,Lincoln Lumberjacks,,,
1005,126,1/23/27,Memphis Cannons,Philadelphia Destroyers,,,
1006,126,1/23/27,Chicago Rockets,Houston Hammerheads,,,
1007,126,1/23/27,Las Vegas Vipers,Cincinnati Thunderbolts,,,
1008,126,1/23/27,Cleveland Demons,Raleigh Wildcats,,,
1009,127,1/24/27,Brooklyn Bulldogs,Washington Admirals,,,
1010,127,1/24/27,New York Steamrollers,Jacksonville Blood Hounds,,,
1011,127,1/24/27,Cincinnati Thunderbolts,Florida Sunshine,,,
1012,127,1/24/27,Long Island Blizzard,Seattle Dragons,,,
1013,127,1/24/27,Indianapolis Ghosts,Oklahoma Twisters,,,
1014,127,1/24/27,Puerto Rico Toros,Atlanta Cobalts,,,
1015,127,1/24/27,Las Vegas Vipers,Iowa Rebels,,,
1016,127,1/24/27,South Dakota Spartans,Kansas City Metrostars,,,
1017,128,1/25/27,San Antonio Bandits,North Dakota Bison,,,
1018,128,1/25/27,Raleigh Wildcats,Detroit Motors,,,
1019,128,1/25/27,Seattle Dragons,Las Vegas Vipers,,,
1020,128,1/25/27,Brooklyn Bulldogs,Baltimore Oceanics,,,
1021,128,1/25/27,Kansas City Metrostars,Richmond Robbers,,,
1022,128,1/25/27,Lincoln Lumberjacks,Washington Admirals,,,
1023,128,1/25/27,Cincinnati Thunderbolts,Columbus Cougars,,,
1024,128,1/25/27,Montana Miners,Nevada Archers,,,
1025,129,1/26/27,Chicago Rockets,Columbus Cougars,,,
1026,129,1/26/27,Florida Sunshine,Philadelphia Destroyers,,,
1027,129,1/26/27,Raleigh Wildcats,New Orleans Whalers,,,
1028,129,1/26/27,Memphis Cannons,Houston Hammerheads,,,
1029,129,1/26/27,Oklahoma Twisters,Montana Miners,,,
1030,129,1/26/27,Denver Mountain Lions,Nevada Archers,,,
1031,129,1/26/27,San Antonio Bandits,Jacksonville Blood Hounds,,,
1032,129,1/26/27,Puerto Rico Toros,St. Louis Leopards,,,
1033,130,1/27/27,Florida Sunshine,Richmond Robbers,,,
1034,130,1/27/27,Brooklyn Bulldogs,Detroit Motors,,,
1035,130,1/27/27,Nevada Archers,Iowa Rebels,,,
1036,130,1/27/27,Long Island Blizzard,Baltimore Oceanics,,,
1037,130,1/27/27,Philadelphia Destroyers,Puerto Rico Toros,,,
1038,130,1/27/27,Cincinnati Thunderbolts,Memphis Cannons,,,
1039,130,1/27/27,Houston Hammerheads,Fort Worth Defenders,,,
1040,130,1/27/27,Chicago Rockets,Tennessee Wolverines,,,
1041,131,1/28/27,Chicago Rockets,Detroit Motors,,,
1042,131,1/28/27,Jacksonville Blood Hounds,Baltimore Oceanics,,,
1043,131,1/28/27,Philadelphia Destroyers,Atlanta Cobalts,,,
1044,131,1/28/27,Tennessee Wolverines,Cleveland Demons,,,
1045,131,1/28/27,Portland Sea Lions,Montana Miners,,,
1046,131,1/28/27,San Antonio Bandits,Kansas City Metrostars,,,
1047,131,1/28/27,Puerto Rico Toros,Lincoln Lumberjacks,,,
1048,131,1/28/27,Las Vegas Vipers,Arizona Heat,,,
1049,132,1/29/27,San Antonio Bandits,Nevada Archers,,,
1050,132,1/29/27,Indianapolis Ghosts,St. Louis Leopards,,,
1051,132,1/29/27,Cleveland Demons,Cincinnati Thunderbolts,,,
1052,132,1/29/27,Jacksonville Blood Hounds,Denver Mountain Lions,,,
1053,132,1/29/27,Seattle Dragons,Tennessee Wolverines,,,
1054,132,1/29/27,New Orleans Whalers,Chicago Rockets,,,
1055,132,1/29/27,Memphis Cannons,Arizona Heat,,,
1056,132,1/29/27,Washington Admirals,Honolulu Hawks,,,
1057,133,1/30/27,Montana Miners,Las Vegas Vipers,,,
1058,133,1/30/27,Indianapolis Ghosts,Detroit Motors,,,
1059,133,1/30/27,Fort Worth Defenders,Memphis Cannons,,,
1060,133,1/30/27,Arizona Heat,Nevada Archers,,,
1061,133,1/30/27,New York Steamrollers,Richmond Robbers,,,
1062,133,1/30/27,Oklahoma Twisters,Houston Hammerheads,,,
1063,133,1/30/27,North Dakota Bison,Portland Sea Lions,,,
1064,133,1/30/27,Raleigh Wildcats,Honolulu Hawks,,,
1065,134,1/31/27,Fort Worth Defenders,St. Louis Leopards,,,
1066,134,1/31/27,Charleston Tsunami,Florida Sunshine,,,
1067,134,1/31/27,Montana Miners,Houston Hammerheads,,,
1068,134,1/31/27,Denver Mountain Lions,Nevada Archers,,,
1069,134,1/31/27,Kansas City Metrostars,Memphis Cannons,,,
1070,134,1/31/27,Raleigh Wildcats,Baltimore Oceanics,,,
1071,134,1/31/27,North Dakota Bison,Arizona Heat,,,
1072,134,1/31/27,Brooklyn Bulldogs,Cleveland Demons,,,
1073,135,2/1/27,Portland Sea Lions,North Dakota Bison,,,
1074,135,2/1/27,New Orleans Whalers,Iowa Rebels,,,
1075,135,2/1/27,Tennessee Wolverines,Cincinnati Thunderbolts,,,
1076,135,2/1/27,Cleveland Demons,Puerto Rico Toros,,,
1077,135,2/1/27,Fort Worth Defenders,Lincoln Lumberjacks,,,
1078,135,2/1/27,Detroit Motors,Philadelphia Destroyers,,,
1079,135,2/1/27,Baltimore Oceanics,Florida Sunshine,,,
1080,135,2/1/27,Jacksonville Blood Hounds,Raleigh Wildcats,,,
1081,136,2/2/27,Oklahoma Twisters,San Antonio Bandits,,,
1082,136,2/2/27,Iowa Rebels,St. Louis Leopards,,,
1083,136,2/2/27,Raleigh Wildcats,Columbus Cougars,,,
1084,136,2/2/27,Cincinnati Thunderbolts,Charleston Tsunami,,,
1085,136,2/2/27,Las Vegas Vipers,Washington Admirals,,,
1086,136,2/2/27,Puerto Rico Toros,Tennessee Wolverines,,,
1087,136,2/2/27,Jacksonville Blood Hounds,Chicago Rockets,,,
1088,136,2/2/27,New Orleans Whalers,Detroit Motors,,,
1089,137,2/3/27,Denver Mountain Lions,North Dakota Bison,,,
1090,137,2/3/27,Portland Sea Lions,Arizona Heat,,,
1091,137,2/3/27,Fort Worth Defenders,Oklahoma Twisters,,,
1092,137,2/3/27,Tennessee Wolverines,St. Louis Leopards,,,
1093,137,2/3/27,Puerto Rico Toros,Columbus Cougars,,,
1094,137,2/3/27,Jacksonville Blood Hounds,Charleston Tsunami,,,
1095,137,2/3/27,Richmond Robbers,Florida Sunshine,,,
1096,137,2/3/27,Baltimore Oceanics,Raleigh Wildcats,,,
1097,138,2/4/27,Charleston Tsunami,Brooklyn Bulldogs,,,
1098,138,2/4/27,Las Vegas Vipers,Columbus Cougars,,,
1099,138,2/4/27,Philadelphia Destroyers,Cincinnati Thunderbolts,,,
1100,138,2/4/27,South Dakota Spartans,Seattle Dragons,,,
1101,138,2/4/27,Washington Admirals,Houston Hammerheads,,,
1102,138,2/4/27,San Antonio Bandits,Iowa Rebels,,,
1103,138,2/4/27,Tennessee Wolverines,Lincoln Lumberjacks,,,
1104,138,2/4/27,Atlanta Cobalts,Fort Worth Defenders,,,
1105,139,2/5/27,San Antonio Bandits,Iowa Rebels,,,
1106,139,2/5/27,Las Vegas Vipers,Montana Miners,,,
1107,139,2/5/27,Oklahoma Twisters,Kansas City Metrostars,,,
1108,139,2/5/27,Philadelphia Destroyers,Raleigh Wildcats,,,
1109,139,2/5/27,Memphis Cannons,Jacksonville Blood Hounds,,,
1110,139,2/5/27,Long Island Blizzard,Columbus Cougars,,,
1111,139,2/5/27,Tennessee Wolverines,Fort Worth Defenders,,,
1112,139,2/5/27,Houston Hammerheads,Brooklyn Bulldogs,,,
1113,140,2/6/27,Richmond Robbers,Detroit Motors,,,
1114,140,2/6/27,Puerto Rico Toros,San Antonio Bandits,,,
1115,140,2/6/27,St. Louis Leopards,Fort Worth Defenders,,,
1116,140,2/6/27,Raleigh Wildcats,Washington Admirals,,,
1117,140,2/6/27,Honolulu Hawks,Cleveland Demons,,,
1118,140,2/6/27,Portland Sea Lions,Arizona Heat,,,
1119,140,2/6/27,Cincinnati Thunderbolts,Atlanta Cobalts,,,
1120,140,2/6/27,Lincoln Lumberjacks,Las Vegas Vipers,,,
1121,141,2/7/27,Iowa Rebels,Houston Hammerheads,,,
1122,141,2/7/27,Cincinnati Thunderbolts,Columbus Cougars,,,
1123,141,2/7/27,Florida Sunshine,Portland Sea Lions,,,
1124,141,2/7/27,Puerto Rico Toros,Chicago Rockets,,,
1125,141,2/7/27,North Dakota Bison,Seattle Dragons,,,
1126,141,2/7/27,Arizona Heat,Washington Admirals,,,
1127,141,2/7/27,Tennessee Wolverines,Long Island Blizzard,,,
1128,141,2/7/27,Montana Miners,South Dakota Spartans,,,
1129,142,2/8/27,Houston Hammerheads,Philadelphia Destroyers,,,
1130,142,2/8/27,Denver Mountain Lions,Lincoln Lumberjacks,,,
1131,142,2/8/27,Cleveland Demons,Richmond Robbers,,,
1132,142,2/8/27,Raleigh Wildcats,Charleston Tsunami,,,
1133,142,2/8/27,Arizona Heat,Oklahoma Twisters,,,
1134,142,2/8/27,Columbus Cougars,Baltimore Oceanics,,,
1135,142,2/8/27,Portland Sea Lions,Honolulu Hawks,,,
1136,142,2/8/27,New Orleans Whalers,Florida Sunshine,,,
1137,143,2/9/27,Chicago Rockets,Indianapolis Ghosts,,,
1138,143,2/9/27,Memphis Cannons,Honolulu Hawks,,,
1139,143,2/9/27,Arizona Heat,Las Vegas Vipers,,,
1140,143,2/9/27,Jacksonville Blood Hounds,Long Island Blizzard,,,
1141,143,2/9/27,Portland Sea Lions,Puerto Rico Toros,,,
1142,143,2/9/27,Tennessee Wolverines,Philadelphia Destroyers,,,
1143,143,2/9/27,Columbus Cougars,Florida Sunshine,,,
1144,143,2/9/27,Oklahoma Twisters,Lincoln Lumberjacks,,,
1145,144,2/10/27,Charleston Tsunami,Philadelphia Destroyers,,,
1146,144,2/10/27,Cleveland Demons,Kansas City Metrostars,,,
1147,144,2/10/27,St. Louis Leopards,Fort Worth Defenders,,,
1148,144,2/10/27,Cincinnati Thunderbolts,New Orleans Whalers,,,
1149,144,2/10/27,Montana Miners,Iowa Rebels,,,
1150,144,2/10/27,San Antonio Bandits,Long Island Blizzard,,,
1151,144,2/10/27,Nevada Archers,North Dakota Bison,,,
1152,144,2/10/27,Lincoln Lumberjacks,Baltimore Oceanics,,,
1153,145,2/11/27,Memphis Cannons,Washington Admirals,,,
1154,145,2/11/27,Baltimore Oceanics,Brooklyn Bulldogs,,,
1155,145,2/11/27,South Dakota Spartans,Jacksonville Blood Hounds,,,
1156,145,2/11/27,Charleston Tsunami,Long Island Blizzard,,,
1157,145,2/11/27,Nevada Archers,Montana Miners,,,
1158,145,2/11/27,Cleveland Demons,Columbus Cougars,,,
1159,145,2/11/27,Detroit Motors,Tennessee Wolverines,,,
1160,145,2/11/27,New York Steamrollers,Denver Mountain Lions,,,
1161,146,2/12/27,Montana Miners,Nevada Archers,,,
1162,146,2/12/27,Fort Worth Defenders,Charleston Tsunami,,,
1163,146,2/12/27,Denver Mountain Lions,Las Vegas Vipers,,,
1164,146,2/12/27,Memphis Cannons,Lincoln Lumberjacks,,,
1165,146,2/12/27,Tennessee Wolverines,Jacksonville Blood Hounds,,,
1166,146,2/12/27,Florida Sunshine,Detroit Motors,,,
1167,146,2/12/27,Atlanta Cobalts,Indianapolis Ghosts,,,
1168,146,2/12/27,South Dakota Spartans,Long Island Blizzard,,,
1169,147,2/13/27,Nevada Archers,Puerto Rico Toros,,,
1170,147,2/13/27,Houston Hammerheads,Lincoln Lumberjacks,,,
1171,147,2/13/27,Cleveland Demons,Columbus Cougars,,,
1172,147,2/13/27,Arizona Heat,Detroit Motors,,,
1173,147,2/13/27,Iowa Rebels,Long Island Blizzard,,,
1174,147,2/13/27,Charleston Tsunami,Washington Admirals,,,
1175,147,2/13/27,Brooklyn Bulldogs,Seattle Dragons,,,
1176,147,2/13/27,New Orleans Whalers,Richmond Robbers,,,
1177,148,2/14/27,Puerto Rico Toros,New Orleans Whalers,,,
1178,148,2/14/27,Montana Miners,Cleveland Demons,,,
1179,148,2/14/27,Brooklyn Bulldogs,Charleston Tsunami,,,
1180,148,2/14/27,Lincoln Lumberjacks,Honolulu Hawks,,,
1181,148,2/14/27,Kansas City Metrostars,St. Louis Leopards,,,
1182,148,2/14/27,Columbus Cougars,Cincinnati Thunderbolts,,,
1183,148,2/14/27,Fort Worth Defenders,Nevada Archers,,,
1184,148,2/14/27,Baltimore Oceanics,Denver Mountain Lions,,,
1185,149,2/15/27,Cincinnati Thunderbolts,St. Louis Leopards,,,
1186,149,2/15/27,Lincoln Lumberjacks,Montana Miners,,,
1187,149,2/15/27,Iowa Rebels,North Dakota Bison,,,
1188,149,2/15/27,Puerto Rico Toros,Memphis Cannons,,,
1189,149,2/15/27,Florida Sunshine,Brooklyn Bulldogs,,,
1190,149,2/15/27,Charleston Tsunami,Richmond Robbers,,,
1191,149,2/15/27,Detroit Motors,Kansas City Metrostars,,,
1192,149,2/15/27,Baltimore Oceanics,Atlanta Cobalts,,,
1193,150,2/16/27,Oklahoma Twisters,Richmond Robbers,,,
1194,150,2/16/27,Portland Sea Lions,Cleveland Demons,,,
1195,150,2/16/27,Columbus Cougars,Indianapolis Ghosts,,,
1196,150,2/16/27,Arizona Heat,Las Vegas Vipers,,,
1197,150,2/16/27,Seattle Dragons,San Antonio Bandits,,,
1198,150,2/16/27,New York Steamrollers,Jacksonville Blood Hounds,,,
1199,150,2/16/27,Brooklyn Bulldogs,Raleigh Wildcats,,,
1200,150,2/16/27,Detroit Motors,Atlanta Cobalts,,,
1201,151,2/17/27,Seattle Dragons,Detroit Motors,,,
1202,151,2/17/27,New Orleans Whalers,Chicago Rockets,,,
1203,151,2/17/27,Houston Hammerheads,Washington Admirals,,,
1204,151,2/17/27,Richmond Robbers,Montana Miners,,,
1205,151,2/17/27,Cincinnati Thunderbolts,Long Island Blizzard,,,
1206,151,2/17/27,Atlanta Cobalts,Cleveland Demons,,,
1207,151,2/17/27,Jacksonville Blood Hounds,Portland Sea Lions,,,
1208,151,2/17/27,Baltimore Oceanics,Philadelphia Destroyers,,,
1209,152,2/18/27,New Orleans Whalers,Puerto Rico Toros,,,
1210,152,2/18/27,Washington Admirals,Memphis Cannons,,,
1211,152,2/18/27,Detroit Motors,Atlanta Cobalts,,,
1212,152,2/18/27,Brooklyn Bulldogs,Florida Sunshine,,,
1213,152,2/18/27,North Dakota Bison,Denver Mountain Lions,,,
1214,152,2/18/27,St. Louis Leopards,Seattle Dragons,,,
1215,152,2/18/27,Iowa Rebels,Jacksonville Blood Hounds,,,
1216,152,2/18/27,Fort Worth Defenders,Baltimore Oceanics,,,
1217,153,2/19/27,Arizona Heat,North Dakota Bison,,,
1218,153,2/19/27,Detroit Motors,St. Louis Leopards,,,
1219,153,2/19/27,Lincoln Lumberjacks,Philadelphia Destroyers,,,
1220,153,2/19/27,Iowa Rebels,Nevada Archers,,,
1221,153,2/19/27,Houston Hammerheads,Seattle Dragons,,,
1222,153,2/19/27,Raleigh Wildcats,Atlanta Cobalts,,,
1223,153,2/19/27,Memphis Cannons,Oklahoma Twisters,,,
1224,153,2/19/27,Chicago Rockets,South Dakota Spartans,,,
1225,154,2/20/27,Honolulu Hawks,Nevada Archers,,,
1226,154,2/20/27,New York Steamrollers,Brooklyn Bulldogs,,,
1227,154,2/20/27,Indianapolis Ghosts,Atlanta Cobalts,,,
1228,154,2/20/27,North Dakota Bison,Montana Miners,,,
1229,154,2/20/27,Richmond Robbers,Long Island Blizzard,,,
1230,154,2/20/27,Arizona Heat,Denver Mountain Lions,,,
1231,154,2/20/27,Chicago Rockets,Fort Worth Defenders,,,
1232,154,2/20/27,Washington Admirals,South Dakota Spartans,,,
1233,155,2/21/27,Chicago Rockets,Cincinnati Thunderbolts,,,
1234,155,2/21/27,Atlanta Cobalts,Detroit Motors,,,
1235,155,2/21/27,Brooklyn Bulldogs,Raleigh Wildcats,,,
1236,155,2/21/27,South Dakota Spartans,Oklahoma Twisters,,,
1237,155,2/21/27,San Antonio Bandits,Fort Worth Defenders,,,
1238,155,2/21/27,Houston Hammerheads,Kansas City Metrostars,,,
1239,155,2/21/27,Richmond Robbers,Jacksonville Blood Hounds,,,
1240,155,2/21/27,Tennessee Wolverines,Florida Sunshine,,,
1241,156,2/22/27,New York Steamrollers,Washington Admirals,,,
1242,156,2/22/27,Jacksonville Blood Hounds,Montana Miners,,,
1243,156,2/22/27,North Dakota Bison,Chicago Rockets,,,
1244,156,2/22/27,Charleston Tsunami,Nevada Archers,,,
1245,156,2/22/27,Cincinnati Thunderbolts,Richmond Robbers,,,
1246,156,2/22/27,Lincoln Lumberjacks,Portland Sea Lions,,,
1247,156,2/22/27,Indianapolis Ghosts,Detroit Motors,,,
1248,156,2/22/27,Atlanta Cobalts,Columbus Cougars,,,
1249,157,2/23/27,Chicago Rockets,Jacksonville Blood Hounds,,,
1250,157,2/23/27,Oklahoma Twisters,Arizona Heat,,,
1251,157,2/23/27,San Antonio Bandits,Brooklyn Bulldogs,,,
1252,157,2/23/27,Portland Sea Lions,South Dakota Spartans,,,
1253,157,2/23/27,Honolulu Hawks,Denver Mountain Lions,,,
1254,157,2/23/27,Kansas City Metrostars,New York Steamrollers,,,
1255,157,2/23/27,St. Louis Leopards,Raleigh Wildcats,,,
1256,157,2/23/27,Las Vegas Vipers,Puerto Rico Toros,,,
1257,158,2/24/27,Columbus Cougars,Kansas City Metrostars,,,
1258,158,2/24/27,Raleigh Wildcats,New York Steamrollers,,,
1259,158,2/24/27,Baltimore Oceanics,Jacksonville Blood Hounds,,,
1260,158,2/24/27,Las Vegas Vipers,Washington Admirals,,,
1261,158,2/24/27,Lincoln Lumberjacks,Richmond Robbers,,,
1262,158,2/24/27,Portland Sea Lions,Honolulu Hawks,,,
1263,158,2/24/27,Philadelphia Destroyers,Detroit Motors,,,
1264,158,2/24/27,Tennessee Wolverines,Chicago Rockets,,,
1265,159,2/25/27,Cleveland Demons,Jacksonville Blood Hounds,,,
1266,159,2/25/27,Baltimore Oceanics,Philadelphia Destroyers,,,
1267,159,2/25/27,Cincinnati Thunderbolts,Tennessee Wolverines,,,
1268,159,2/25/27,Columbus Cougars,Houston Hammerheads,,,
1269,159,2/25/27,Long Island Blizzard,Nevada Archers,,,
1270,159,2/25/27,South Dakota Spartans,Florida Sunshine,,,
1271,159,2/25/27,Charleston Tsunami,Brooklyn Bulldogs,,,
1272,159,2/25/27,Atlanta Cobalts,New Orleans Whalers,,,
1273,160,2/26/27,Florida Sunshine,Jacksonville Blood Hounds,,,
1274,160,2/26/27,Oklahoma Twisters,Memphis Cannons,,,
1275,160,2/26/27,Washington Admirals,Lincoln Lumberjacks,,,
1276,160,2/26/27,Denver Mountain Lions,Houston Hammerheads,,,
1277,160,2/26/27,South Dakota Spartans,St. Louis Leopards,,,
1278,160,2/26/27,North Dakota Bison,Nevada Archers,,,
1279,160,2/26/27,New York Steamrollers,Seattle Dragons,,,
1280,160,2/26/27,Honolulu Hawks,Atlanta Cobalts,,,
1281,161,2/27/27,Fort Worth Defenders,Iowa Rebels,,,
1282,161,2/27/27,Columbus Cougars,San Antonio Bandits,,,
1283,161,2/27/27,North Dakota Bison,South Dakota Spartans,,,
1284,161,2/27/27,Florida Sunshine,Montana Miners,,,
1285,161,2/27/27,Detroit Motors,Jacksonville Blood Hounds,,,
1286,161,2/27/27,Memphis Cannons,Brooklyn Bulldogs,,,
1287,161,2/27/27,Indianapolis Ghosts,Cincinnati Thunderbolts,,,
1288,161,2/27/27,New Orleans Whalers,Atlanta Cobalts,,,
1289,162,2/28/27,Fort Worth Defenders,Houston Hammerheads,,,
1290,162,2/28/27,Honolulu Hawks,Lincoln Lumberjacks,,,
1291,162,2/28/27,Florida Sunshine,Jacksonville Blood Hounds,,,
1292,162,2/28/27,Columbus Cougars,Atlanta Cobalts,,,
1293,162,2/28/27,Nevada Archers,Montana Miners,,,
1294,162,2/28/27,Brooklyn Bulldogs,Portland Sea Lions,,,
1295,162,2/28/27,Indianapolis Ghosts,Chicago Rockets,,,
1296,162,2/28/27,Charleston Tsunami,Denver Mountain Lions,,,
1297,163,3/1/27,Cincinnati Thunderbolts,Oklahoma Twisters,,,
1298,163,3/1/27,Jacksonville Blood Hounds,Richmond Robbers,,,
1299,163,3/1/27,Seattle Dragons,Kansas City Metrostars,,,
1300,163,3/1/27,Washington Admirals,Fort Worth Defenders,,,
1301,163,3/1/27,Iowa Rebels,Charleston Tsunami,,,
1302,163,3/1/27,Tennessee Wolverines,Indianapolis Ghosts,,,
1303,163,3/1/27,Montana Miners,Honolulu Hawks,,,
1304,163,3/1/27,Cleveland Demons,Florida Sunshine,,,
1305,164,3/2/27,Atlanta Cobalts,Cincinnati Thunderbolts,,,
1306,164,3/2/27,South Dakota Spartans,Las Vegas Vipers,,,
1307,164,3/2/27,Indianapolis Ghosts,Tennessee Wolverines,,,
1308,164,3/2/27,Houston Hammerheads,New York Steamrollers,,,
1309,164,3/2/27,Chicago Rockets,Raleigh Wildcats,,,
1310,164,3/2/27,Honolulu Hawks,Nevada Archers,,,
1311,164,3/2/27,Montana Miners,Portland Sea Lions,,,
1312,164,3/2/27,Lincoln Lumberjacks,Jacksonville Blood Hounds,,,
1313,165,3/3/27,Lincoln Lumberjacks,Houston Hammerheads,,,
1314,165,3/3/27,Brooklyn Bulldogs,Long Island Blizzard,,,
1315,165,3/3/27,Portland Sea Lions,Honolulu Hawks,,,
1316,165,3/3/27,Montana Miners,Arizona Heat,,,
1317,165,3/3/27,Philadelphia Destroyers,Indianapolis Ghosts,,,
1318,165,3/3/27,Baltimore Oceanics,Tennessee Wolverines,,,
1319,165,3/3/27,Oklahoma Twisters,Seattle Dragons,,,
1320,165,3/3/27,Columbus Cougars,New York Steamrollers,,,
1321,166,3/4/27,Richmond Robbers,Chicago Rockets,,,
1322,166,3/4/27,St. Louis Leopards,South Dakota Spartans,,,
1323,166,3/4/27,Iowa Rebels,Las Vegas Vipers,,,
1324,166,3/4/27,Oklahoma Twisters,New York Steamrollers,,,
1325,166,3/4/27,Raleigh Wildcats,Philadelphia Destroyers,,,
1326,166,3/4/27,Fort Worth Defenders,Montana Miners,,,
1327,166,3/4/27,Seattle Dragons,Denver Mountain Lions,,,
1328,166,3/4/27,Brooklyn Bulldogs,Honolulu Hawks,,,
1329,167,3/5/27,Nevada Archers,Cincinnati Thunderbolts,,,
1330,167,3/5/27,South Dakota Spartans,San Antonio Bandits,,,
1331,167,3/5/27,Tennessee Wolverines,Brooklyn Bulldogs,,,
1332,167,3/5/27,Puerto Rico Toros,Jacksonville Blood Hounds,,,
1333,167,3/5/27,Baltimore Oceanics,Richmond Robbers,,,
1334,167,3/5/27,Long Island Blizzard,Florida Sunshine,,,
1335,167,3/5/27,Atlanta Cobalts,New York Steamrollers,,,
1336,167,3/5/27,Lincoln Lumberjacks,Fort Worth Defenders,,,
1337,168,3/6/27,Seattle Dragons,Portland Sea Lions,,,
1338,168,3/6/27,Cincinnati Thunderbolts,Chicago Rockets,,,
1339,168,3/6/27,New Orleans Whalers,Columbus Cougars,,,
1340,168,3/6/27,South Dakota Spartans,St. Louis Leopards,,,
1341,168,3/6/27,Cleveland Demons,Houston Hammerheads,,,
1342,168,3/6/27,Florida Sunshine,Long Island Blizzard,,,
1343,168,3/6/27,New York Steamrollers,Las Vegas Vipers,,,
1344,168,3/6/27,San Antonio Bandits,Richmond Robbers,,,
1345,169,3/7/27,Houston Hammerheads,Denver Mountain Lions,,,
1346,169,3/7/27,Fort Worth Defenders,Oklahoma Twisters,,,
1347,169,3/7/27,Detroit Motors,Brooklyn Bulldogs,,,
1348,169,3/7/27,Florida Sunshine,Jacksonville Blood Hounds,,,
1349,169,3/7/27,New York Steamrollers,Philadelphia Destroyers,,,
1350,169,3/7/27,Arizona Heat,Las Vegas Vipers,,,
1351,169,3/7/27,Atlanta Cobalts,South Dakota Spartans,,,
1352,169,3/7/27,Baltimore Oceanics,Nevada Archers,,,
1353,170,3/8/27,Baltimore Oceanics,Charleston Tsunami,,,
1354,170,3/8/27,Brooklyn Bulldogs,Cincinnati Thunderbolts,,,
1355,170,3/8/27,Chicago Rockets,New Orleans Whalers,,,
1356,170,3/8/27,Denver Mountain Lions,Fort Worth Defenders,,,
1357,170,3/8/27,St. Louis Leopards,Oklahoma Twisters,,,
1358,170,3/8/27,Arizona Heat,Honolulu Hawks,,,
1359,170,3/8/27,Memphis Cannons,New York Steamrollers,,,
1360,170,3/8/27,Portland Sea Lions,Las Vegas Vipers,,,
1361,171,3/9/27,Seattle Dragons,Columbus Cougars,,,
1362,171,3/9/27,Nevada Archers,Arizona Heat,,,
1363,171,3/9/27,Fort Worth Defenders,Las Vegas Vipers,,,
1364,171,3/9/27,Lincoln Lumberjacks,St. Louis Leopards,,,
1365,171,3/9/27,Florida Sunshine,Charleston Tsunami,,,
1366,171,3/9/27,Long Island Blizzard,Baltimore Oceanics,,,
1367,171,3/9/27,Denver Mountain Lions,Oklahoma Twisters,,,
1368,171,3/9/27,Cincinnati Thunderbolts,Jacksonville Blood Hounds,,,
1369,172,3/10/27,Memphis Cannons,Florida Sunshine,,,
1370,172,3/10/27,Honolulu Hawks,Seattle Dragons,,,
1371,172,3/10/27,Cincinnati Thunderbolts,Baltimore Oceanics,,,
1372,172,3/10/27,Nevada Archers,Washington Admirals,,,
1373,172,3/10/27,Charleston Tsunami,Indianapolis Ghosts,,,
1374,172,3/10/27,Philadelphia Destroyers,New York Steamrollers,,,
1375,172,3/10/27,Long Island Blizzard,Tennessee Wolverines,,,
1376,172,3/10/27,Denver Mountain Lions,Montana Miners,,,
1377,173,3/11/27,Charleston Tsunami,Chicago Rockets,,,
1378,173,3/11/27,Washington Admirals,Cleveland Demons,,,
1379,173,3/11/27,Portland Sea Lions,Montana Miners,,,
1380,173,3/11/27,Brooklyn Bulldogs,Philadelphia Destroyers,,,
1381,173,3/11/27,Kansas City Metrostars,Iowa Rebels,,,
1382,173,3/11/27,Indianapolis Ghosts,South Dakota Spartans,,,
1383,173,3/11/27,Las Vegas Vipers,Denver Mountain Lions,,,
1384,173,3/11/27,North Dakota Bison,Memphis Cannons,,,
1385,174,3/12/27,Chicago Rockets,Cincinnati Thunderbolts,,,
1386,174,3/12/27,Portland Sea Lions,Lincoln Lumberjacks,,,
1387,174,3/12/27,New Orleans Whalers,New York Steamrollers,,,
1388,174,3/12/27,Houston Hammerheads,St. Louis Leopards,,,
1389,174,3/12/27,Baltimore Oceanics,Long Island Blizzard,,,
1390,174,3/12/27,Richmond Robbers,Atlanta Cobalts,,,
1391,174,3/12/27,Seattle Dragons,Memphis Cannons,,,
1392,174,3/12/27,North Dakota Bison,Oklahoma Twisters,,,
1393,175,3/13/27,Oklahoma Twisters,San Antonio Bandits,,,
1394,175,3/13/27,Kansas City Metrostars,Montana Miners,,,
1395,175,3/13/27,Charleston Tsunami,New Orleans Whalers,,,
1396,175,3/13/27,Columbus Cougars,Atlanta Cobalts,,,
1397,175,3/13/27,North Dakota Bison,Denver Mountain Lions,,,
1398,175,3/13/27,Honolulu Hawks,Puerto Rico Toros,,,
1399,175,3/13/27,Philadelphia Destroyers,Nevada Archers,,,
1400,175,3/13/27,Indianapolis Ghosts,Brooklyn Bulldogs,,,
1401,176,3/14/27,Indianapolis Ghosts,San Antonio Bandits,,,
1402,176,3/14/27,Long Island Blizzard,Cincinnati Thunderbolts,,,
1403,176,3/14/27,Nevada Archers,New Orleans Whalers,,,
1404,176,3/14/27,Kansas City Metrostars,Houston Hammerheads,,,
1405,176,3/14/27,New York Steamrollers,Honolulu Hawks,,,
1406,176,3/14/27,South Dakota Spartans,North Dakota Bison,,,
1407,176,3/14/27,Las Vegas Vipers,Fort Worth Defenders,,,
1408,176,3/14/27,Florida Sunshine,Raleigh Wildcats,,,
1409,177,3/15/27,Montana Miners,Washington Admirals,,,
1410,177,3/15/27,San Antonio Bandits,Memphis Cannons,,,
1411,177,3/15/27,Columbus Cougars,Jacksonville Blood Hounds,,,
1412,177,3/15/27,Oklahoma Twisters,St. Louis Leopards,,,
1413,177,3/15/27,Indianapolis Ghosts,Puerto Rico Toros,,,
1414,177,3/15/27,Raleigh Wildcats,Brooklyn Bulldogs,,,
1415,177,3/15/27,Cleveland Demons,Baltimore Oceanics,,,
1416,177,3/15/27,Honolulu Hawks,Cincinnati Thunderbolts,,,
1417,178,3/16/27,Seattle Dragons,Nevada Archers,,,
1418,178,3/16/27,Fort Worth Defenders,Iowa Rebels,,,
1419,178,3/16/27,Denver Mountain Lions,Portland Sea Lions,,,
1420,178,3/16/27,North Dakota Bison,Cleveland Demons,,,
1421,178,3/16/27,Washington Admirals,Arizona Heat,,,
1422,178,3/16/27,Oklahoma Twisters,Honolulu Hawks,,,
1423,178,3/16/27,Philadelphia Destroyers,Montana Miners,,,
1424,178,3/16/27,Cincinnati Thunderbolts,New York Steamrollers,,,
1425,179,3/17/27,Raleigh Wildcats,Montana Miners,,,
1426,179,3/17/27,Denver Mountain Lions,Honolulu Hawks,,,
1427,179,3/17/27,New Orleans Whalers,Tennessee Wolverines,,,
1428,179,3/17/27,Oklahoma Twisters,Portland Sea Lions,,,
1429,179,3/17/27,South Dakota Spartans,San Antonio Bandits,,,
1430,179,3/17/27,Chicago Rockets,Cleveland Demons,,,
1431,179,3/17/27,Houston Hammerheads,Richmond Robbers,,,
1432,179,3/17/27,New York Steamrollers,North Dakota Bison,,,
1433,180,3/18/27,Puerto Rico Toros,Florida Sunshine,,,
1434,180,3/18/27,Iowa Rebels,Oklahoma Twisters,,,
1435,180,3/18/27,Seattle Dragons,Honolulu Hawks,,,
1436,180,3/18/27,South Dakota Spartans,Baltimore Oceanics,,,
1437,180,3/18/27,Washington Admirals,Portland Sea Lions,,,
1438,180,3/18/27,Fort Worth Defenders,St. Louis Leopards,,,
1439,180,3/18/27,Richmond Robbers,Arizona Heat,,,
1440,180,3/18/27,Atlanta Cobalts,Chicago Rockets,,,
1441,181,3/19/27,South Dakota Spartans,Denver Mountain Lions,,,
1442,181,3/19/27,Kansas City Metrostars,Long Island Blizzard,,,
1443,181,3/19/27,Columbus Cougars,Indianapolis Ghosts,,,
1444,181,3/19/27,Charleston Tsunami,Raleigh Wildcats,,,
1445,181,3/19/27,New Orleans Whalers,Tennessee Wolverines,,,
1446,181,3/19/27,Honolulu Hawks,Portland Sea Lions,,,
1447,181,3/19/27,Memphis Cannons,Baltimore Oceanics,,,
1448,181,3/19/27,Puerto Rico Toros,Cincinnati Thunderbolts,,,
1449,182,3/20/27,San Antonio Bandits,Las Vegas Vipers,,,
1450,182,3/20/27,Oklahoma Twisters,Houston Hammerheads,,,
1451,182,3/20/27,Richmond Robbers,Raleigh Wildcats,,,
1452,182,3/20/27,Charleston Tsunami,Long Island Blizzard,,,
1453,182,3/20/27,Kansas City Metrostars,Brooklyn Bulldogs,,,
1454,182,3/20/27,Indianapolis Ghosts,Cincinnati Thunderbolts,,,
1455,182,3/20/27,Iowa Rebels,St. Louis Leopards,,,
1456,182,3/20/27,Memphis Cannons,Fort Worth Defenders,,,
1457,183,3/21/27,Montana Miners,Denver Mountain Lions,,,
1458,183,3/21/27,Iowa Rebels,Oklahoma Twisters,,,
1459,183,3/21/27,Chicago Rockets,Detroit Motors,,,
1460,183,3/21/27,Raleigh Wildcats,Portland Sea Lions,,,
1461,183,3/21/27,Florida Sunshine,Brooklyn Bulldogs,,,
1462,183,3/21/27,Houston Hammerheads,Arizona Heat,,,
1463,183,3/21/27,Tennessee Wolverines,Cincinnati Thunderbolts,,,
1464,183,3/21/27,Kansas City Metrostars,San Antonio Bandits,,,
1465,184,3/22/27,Fort Worth Defenders,Brooklyn Bulldogs,,,
1466,184,3/22/27,Houston Hammerheads,Memphis Cannons,,,
1467,184,3/22/27,Detroit Motors,Cleveland Demons,,,
1468,184,3/22/27,Cincinnati Thunderbolts,Tennessee Wolverines,,,
1469,184,3/22/27,Columbus Cougars,Lincoln Lumberjacks,,,
1470,184,3/22/27,Honolulu Hawks,Kansas City Metrostars,,,
1471,184,3/22/27,North Dakota Bison,Indianapolis Ghosts,,,
1472,184,3/22/27,New Orleans Whalers,Jacksonville Blood Hounds,,,
1473,185,3/23/27,Washington Admirals,Kansas City Metrostars,,,
1474,185,3/23/27,Fort Worth Defenders,Raleigh Wildcats,,,
1475,185,3/23/27,Florida Sunshine,Indianapolis Ghosts,,,
1476,185,3/23/27,Cincinnati Thunderbolts,Puerto Rico Toros,,,
1477,185,3/23/27,Lincoln Lumberjacks,Nevada Archers,,,
1478,185,3/23/27,Montana Miners,Seattle Dragons,,,
1479,185,3/23/27,New York Steamrollers,Richmond Robbers,,,
1480,185,3/23/27,Jacksonville Blood Hounds,Honolulu Hawks,,,
1481,186,3/24/27,Kansas City Metrostars,Las Vegas Vipers,,,
1482,186,3/24/27,Washington Admirals,Cincinnati Thunderbolts,,,
1483,186,3/24/27,Montana Miners,Memphis Cannons,,,
1484,186,3/24/27,Richmond Robbers,New York Steamrollers,,,
1485,186,3/24/27,Florida Sunshine,Baltimore Oceanics,,,
1486,186,3/24/27,Long Island Blizzard,Philadelphia Destroyers,,,
1487,186,3/24/27,Puerto Rico Toros,Oklahoma Twisters,,,
1488,186,3/24/27,Detroit Motors,New Orleans Whalers,,,
1489,187,3/25/27,Cleveland Demons,Puerto Rico Toros,,,
1490,187,3/25/27,Indianapolis Ghosts,Tennessee Wolverines,,,
1491,187,3/25/27,North Dakota Bison,Portland Sea Lions,,,
1492,187,3/25/27,New Orleans Whalers,Fort Worth Defenders,,,
1493,187,3/25/27,Arizona Heat,Memphis Cannons,,,
1494,187,3/25/27,South Dakota Spartans,Honolulu Hawks,,,
1495,187,3/25/27,Columbus Cougars,Chicago Rockets,,,
1496,187,3/25/27,Brooklyn Bulldogs,New York Steamrollers,,,
1497,188,3/26/27,St. Louis Leopards,Kansas City Metrostars,,,
1498,188,3/26/27,Atlanta Cobalts,Baltimore Oceanics,,,
1499,188,3/26/27,South Dakota Spartans,Lincoln Lumberjacks,,,
1500,188,3/26/27,New York Steamrollers,Nevada Archers,,,
1501,188,3/26/27,Cincinnati Thunderbolts,Detroit Motors,,,
1502,188,3/26/27,North Dakota Bison,Washington Admirals,,,
1503,188,3/26/27,Florida Sunshine,Puerto Rico Toros,,,
1504,188,3/26/27,New Orleans Whalers,Long Island Blizzard,,,
1505,189,3/27/27,Cleveland Demons,Fort Worth Defenders,,,
1506,189,3/27/27,Montana Miners,Chicago Rockets,,,
1507,189,3/27/27,Lincoln Lumberjacks,Iowa Rebels,,,
1508,189,3/27/27,Cincinnati Thunderbolts,Indianapolis Ghosts,,,
1509,189,3/27/27,Columbus Cougars,Richmond Robbers,,,
1510,189,3/27/27,South Dakota Spartans,Memphis Cannons,,,
1511,189,3/27/27,Arizona Heat,Portland Sea Lions,,,
1512,189,3/27/27,Honolulu Hawks,Las Vegas Vipers,,,
1513,190,3/28/27,Lincoln Lumberjacks,Raleigh Wildcats,,,
1514,190,3/28/27,Florida Sunshine,Columbus Cougars,,,
1515,190,3/28/27,St. Louis Leopards,Memphis Cannons,,,
1516,190,3/28/27,Long Island Blizzard,North Dakota Bison,,,
1517,190,3/28/27,Las Vegas Vipers,Denver Mountain Lions,,,
1518,190,3/28/27,Baltimore Oceanics,Richmond Robbers,,,
1519,190,3/28/27,Nevada Archers,Cleveland Demons,,,
1520,190,3/28/27,San Antonio Bandits,Charleston Tsunami,,,
1521,191,3/29/27,Honolulu Hawks,Houston Hammerheads,,,
1522,191,3/29/27,Richmond Robbers,Brooklyn Bulldogs,,,
1523,191,3/29/27,Arizona Heat,North Dakota Bison,,,
1524,191,3/29/27,Fort Worth Defenders,Lincoln Lumberjacks,,,
1525,191,3/29/27,Baltimore Oceanics,Indianapolis Ghosts,,,
1526,191,3/29/27,Memphis Cannons,Long Island Blizzard,,,
1527,191,3/29/27,Jacksonville Blood Hounds,Seattle Dragons,,,
1528,191,3/29/27,Tennessee Wolverines,Cleveland Demons,,,
1529,192,3/30/27,Memphis Cannons,Richmond Robbers,,,
1530,192,3/30/27,Cincinnati Thunderbolts,Chicago Rockets,,,
1531,192,3/30/27,Long Island Blizzard,Washington Admirals,,,
1532,192,3/30/27,Las Vegas Vipers,Portland Sea Lions,,,
1533,192,3/30/27,Baltimore Oceanics,Brooklyn Bulldogs,,,
1534,192,3/30/27,Indianapolis Ghosts,New Orleans Whalers,,,
1535,192,3/30/27,St. Louis Leopards,Iowa Rebels,,,
1536,192,3/30/27,Charleston Tsunami,Philadelphia Destroyers,,,
1537,193,3/31/27,Washington Admirals,Portland Sea Lions,,,
1538,193,3/31/27,Fort Worth Defenders,Memphis Cannons,,,
1539,193,3/31/27,Las Vegas Vipers,Nevada Archers,,,
1540,193,3/31/27,Atlanta Cobalts,Florida Sunshine,,,
1541,193,3/31/27,Chicago Rockets,Baltimore Oceanics,,,
1542,193,3/31/27,Richmond Robbers,Seattle Dragons,,,
1543,193,3/31/27,Charleston Tsunami,Long Island Blizzard,,,
1544,193,3/31/27,New Orleans Whalers,Indianapolis Ghosts,,,
1545,194,4/1/27,Iowa Rebels,Montana Miners,,,
1546,194,4/1/27,Philadelphia Destroyers,Baltimore Oceanics,,,
1547,194,4/1/27,Raleigh Wildcats,Florida Sunshine,,,
1548,194,4/1/27,Oklahoma Twisters,Houston Hammerheads,,,
1549,194,4/1/27,Indianapolis Ghosts,New York Steamrollers,,,
1550,194,4/1/27,Memphis Cannons,South Dakota Spartans,,,
1551,194,4/1/27,Washington Admirals,North Dakota Bison,,,
1552,194,4/1/27,St. Louis Leopards,Nevada Archers,,,
1553,195,4/2/27,Columbus Cougars,New Orleans Whalers,,,
1554,195,4/2/27,Atlanta Cobalts,Memphis Cannons,,,
1555,195,4/2/27,Honolulu Hawks,Denver Mountain Lions,,,
1556,195,4/2/27,Seattle Dragons,Arizona Heat,,,
1557,195,4/2/27,Florida Sunshine,Tennessee Wolverines,,,
1558,195,4/2/27,Portland Sea Lions,North Dakota Bison,,,
1559,195,4/2/27,Montana Miners,Fort Worth Defenders,,,
1560,195,4/2/27,Cleveland Demons,Indianapolis Ghosts,,,
1561,196,4/3/27,St. Louis Leopards,Kansas City Metrostars,,,
1562,196,4/3/27,Florida Sunshine,Honolulu Hawks,,,
1563,196,4/3/27,Seattle Dragons,Cincinnati Thunderbolts,,,
1564,196,4/3/27,Richmond Robbers,Baltimore Oceanics,,,
1565,196,4/3/27,Portland Sea Lions,Nevada Archers,,,
1566,196,4/3/27,Cleveland Demons,Memphis Cannons,,,
1567,196,4/3/27,Jacksonville Blood Hounds,Columbus Cougars,,,
1568,196,4/3/27,Long Island Blizzard,New York Steamrollers,,,
1569,197,4/4/27,Baltimore Oceanics,New York Steamrollers,,,
1570,197,4/4/27,Portland Sea Lions,Indianapolis Ghosts,,,
1571,197,4/4/27,Arizona Heat,St. Louis Leopards,,,
1572,197,4/4/27,Puerto Rico Toros,Raleigh Wildcats,,,
1573,197,4/4/27,Atlanta Cobalts,Iowa Rebels,,,
1574,197,4/4/27,San Antonio Bandits,Houston Hammerheads,,,
1575,197,4/4/27,Denver Mountain Lions,Seattle Dragons,,,
1576,197,4/4/27,Memphis Cannons,Lincoln Lumberjacks,,,
1577,198,4/5/27,Philadelphia Destroyers,Florida Sunshine,,,
1578,198,4/5/27,Arizona Heat,Indianapolis Ghosts,,,
1579,198,4/5/27,Brooklyn Bulldogs,New York Steamrollers,,,
1580,198,4/5/27,Puerto Rico Toros,Detroit Motors,,,
1581,198,4/5/27,Nevada Archers,Washington Admirals,,,
1582,198,4/5/27,Tennessee Wolverines,Richmond Robbers,,,
1583,198,4/5/27,Honolulu Hawks,Seattle Dragons,,,
1584,198,4/5/27,Chicago Rockets,San Antonio Bandits,,,
1585,199,4/6/27,Indianapolis Ghosts,Baltimore Oceanics,,,
1586,199,4/6/27,Richmond Robbers,Honolulu Hawks,,,
1587,199,4/6/27,Arizona Heat,Chicago Rockets,,,
1588,199,4/6/27,Long Island Blizzard,New York Steamrollers,,,
1589,199,4/6/27,Charleston Tsunami,Tennessee Wolverines,,,
1590,199,4/6/27,Brooklyn Bulldogs,North Dakota Bison,,,
1591,199,4/6/27,Las Vegas Vipers,Oklahoma Twisters,,,
1592,199,4/6/27,Raleigh Wildcats,Jacksonville Blood Hounds,,,
1593,200,4/7/27,Raleigh Wildcats,Florida Sunshine,,,
1594,200,4/7/27,Lincoln Lumberjacks,Denver Mountain Lions,,,
1595,200,4/7/27,South Dakota Spartans,Iowa Rebels,,,
1596,200,4/7/27,Charleston Tsunami,Richmond Robbers,,,
1597,200,4/7/27,Arizona Heat,Portland Sea Lions,,,
1598,200,4/7/27,North Dakota Bison,Montana Miners,,,
1599,200,4/7/27,Columbus Cougars,Detroit Motors,,,
1600,200,4/7/27,New York Steamrollers,Indianapolis Ghosts,,,
1601,201,4/8/27,Atlanta Cobalts,Philadelphia Destroyers,,,
1602,201,4/8/27,South Dakota Spartans,Houston Hammerheads,,,
1603,201,4/8/27,Portland Sea Lions,Denver Mountain Lions,,,
1604,201,4/8/27,Washington Admirals,Montana Miners,,,
1605,201,4/8/27,Honolulu Hawks,Las Vegas Vipers,,,
1606,201,4/8/27,Jacksonville Blood Hounds,New York Steamrollers,,,
1607,201,4/8/27,Seattle Dragons,St. Louis Leopards,,,
1608,201,4/8/27,Iowa Rebels,Arizona Heat,,,
1609,202,4/9/27,Detroit Motors,Raleigh Wildcats,,,
1610,202,4/9/27,Florida Sunshine,Long Island Blizzard,,,
1611,202,4/9/27,Memphis Cannons,San Antonio Bandits,,,
1612,202,4/9/27,Chicago Rockets,Iowa Rebels,,,
1613,202,4/9/27,St. Louis Leopards,Montana Miners,,,
1614,202,4/9/27,Kansas City Metrostars,South Dakota Spartans,,,
1615,202,4/9/27,Honolulu Hawks,Columbus Cougars,,,
1616,202,4/9/27,Tennessee Wolverines,Cleveland Demons,,,
1617,203,4/10/27,Chicago Rockets,Charleston Tsunami,,,
1618,203,4/10/27,Portland Sea Lions,Oklahoma Twisters,,,
1619,203,4/10/27,Richmond Robbers,Las Vegas Vipers,,,
1620,203,4/10/27,Nevada Archers,Kansas City Metrostars,,,
1621,203,4/10/27,Puerto Rico Toros,Columbus Cougars,,,
1622,203,4/10/27,Denver Mountain Lions,Washington Admirals,,,
1623,203,4/10/27,Memphis Cannons,Houston Hammerheads,,,
1624,203,4/10/27,Iowa Rebels,Baltimore Oceanics,,,
1625,204,4/11/27,Detroit Motors,Indianapolis Ghosts,,,
1626,204,4/11/27,Richmond Robbers,Philadelphia Destroyers,,,
1627,204,4/11/27,New York Steamrollers,Charleston Tsunami,,,
1628,204,4/11/27,Columbus Cougars,Chicago Rockets,,,
1629,204,4/11/27,Arizona Heat,Iowa Rebels,,,
1630,204,4/11/27,Houston Hammerheads,Nevada Archers,,,
1631,204,4/11/27,New Orleans Whalers,Raleigh Wildcats,,,
1632,204,4/11/27,Washington Admirals,North Dakota Bison,,,
1633,205,4/12/27,Cincinnati Thunderbolts,Raleigh Wildcats,,,
1634,205,4/12/27,Philadelphia Destroyers,Charleston Tsunami,,,
1635,205,4/12/27,North Dakota Bison,Detroit Motors,,,
1636,205,4/12/27,Puerto Rico Toros,Cleveland Demons,,,
1637,205,4/12/27,Denver Mountain Lions,San Antonio Bandits,,,
1638,205,4/12/27,Atlanta Cobalts,Tennessee Wolverines,,,
1639,205,4/12/27,Iowa Rebels,South Dakota Spartans,,,
1640,205,4/12/27,Honolulu Hawks,Arizona Heat,,,