AVHL ID,First Name,Last Name,Full Name,Current Team,Years Left,AAV,22-23 SA,22-23 SV,22-23 SV%,23-24 SA,23-24 SV,23-24 SV%,24-25 SA,24-25 SV,24-25 SV%,25-26 SA,25-26 SV,25-26 SV%,Total SA,Total SV,Career SV%,League,Team,Overall Rating,Birthdate,Jersey #,Position(s),Height (In),Height,Weight,Age,Glove,Draft Year,Draft Round,Draft Pick,Angles,Breakaway,Five Hole,Glove High,Glove Low,Stick High,Stick Low,Passing,Poise,Poke Check,Puck Playing Freq.,Rebound Control,Recover,Aggressiveness,Agility,Durability,Endurance,Speed,Vision
1696,Lukas,Dostal,Lukas Dostal,Memphis Cannons,2,"$6,000,000",0,0,0.000,37,29,0.784,36,32,0.889,760,686,0.903,833,747,0.897,NHL,Anaheim Ducks,86,06/22/2000,1,G,74,"6'2""",190,26,Left,2018,3,85,91,87,89,85,90,87,90,81,86,89,80,88,90,88,83,88,88,85,89
1697,Petr,Mrazek,Petr Mrazek,Tennessee Wolverines,4,"$2,500,000",0,0,0.000,82,74,0.902,96,85,0.885,677,609,0.900,855,768,0.898,NHL,Anaheim Ducks,82,02/14/1992,34,G,74,"6'2""",192,34,Left,2010,5,141,86,84,87,85,87,85,87,87,88,85,85,87,86,81,82,87,87,84,85
1698,Ville,Husso,Ville Husso,Iowa Rebels,5,"$2,000,000",16,15,0.938,2444,2196,0.899,58,50,0.862,1131,1037,0.917,3649,3298,0.904,NHL,Anaheim Ducks,81,02/06/1995,33,G,75,"6'3""",205,31,Left,2014,4,94,80,84,88,86,87,88,87,85,82,81,82,86,86,80,83,81,81,83,84
1699,Jeremy,Swayman,Jeremy Swayman,San Antonio Bandits,5,"$6,000,000",1488,1321,0.888,2568,2335,0.909,2632,2413,0.917,1751,1595,0.911,8439,7664,0.908,NHL,Boston Bruins,86,11/24/1998,1,G,75,"6'3""",195,27,Left,2017,4,111,88,84,86,85,90,86,91,86,86,83,83,90,88,88,84,91,91,83,89
1700,Joonas,Korpisalo,Joonas Korpisalo,St. Louis Leopards,3,"$2,000,000",0,0,0.000,2485,2277,0.916,0,0,0.000,1357,1225,0.903,3842,3502,0.912,NHL,Boston Bruins,81,04/28/1994,70,G,76,"6'4""",200,32,Left,2012,3,62,83,80,84,85,88,86,88,83,85,81,81,85,85,84,82,85,85,83,84
1701,Alex,Lyon,Alex Lyon,Puerto Rico Toros,2,"$4,000,000",0,0,0.000,0,0,0.000,139,127,0.914,1740,1555,0.894,1879,1682,0.895,NHL,Buffalo Sabres,84,12/09/1992,34,G,73,"6'1""",199,33,Left,N/A,N/A,N/A,85,84,87,89,88,89,89,86,85,87,87,87,88,82,82,84,84,85,88
1702,Ukko-Pekka,Luukkonen,Ukko-Pekka Luukkonen,Montana Miners,5,"$3,250,000",0,0,0.000,62,57,0.919,2554,2319,0.908,1761,1598,0.907,4377,3974,0.908,NHL,Buffalo Sabres,83,03/09/1999,1,G,77,"6'5""",223,27,Left,2017,2,54,82,84,86,85,87,87,90,82,88,83,82,86,88,82,85,90,90,85,86
1703,Colten,Ellis,Colten Ellis,Memphis Cannons,5,"$1,500,000",0,0,0.000,0,0,0.000,0,0,0.000,0,0,0.000,0,0,0.000,NHL,Buffalo Sabres,80,10/05/2000,92,G,73,"6'1""",191,25,Left,2019,3,93,82,86,85,86,86,83,86,86,86,83,86,80,86,79,86,85,83,86,86
1704,Dustin,Wolf,Dustin Wolf,Oklahoma Twisters,6,"$7,000,000",0,0,0.000,0,0,0.000,84,75,0.893,1585,1449,0.914,1669,1524,0.913,NHL,Calgary Flames,87,04/16/2001,32,G,72,"6'0""",166,25,Left,2019,7,214,88,87,88,84,90,89,89,88,92,86,89,92,88,87,89,87,87,89,91
1705,Devin,Cooley,Devin Cooley,Columbus Cougars,7,"$1,500,000",0,0,0.000,0,0,0.000,0,0,0.000,0,0,0.000,0,0,0.000,NHL,Calgary Flames,80,05/25/1997,1,G,77,"6'5""",192,29,Left,N/A,N/A,N/A,86,83,85,85,86,88,86,80,81,82,79,84,83,82,81,80,80,83,82
1706,Brandon,Bussi,Brandon Bussi,Houston Hammerheads,7,"$5,000,000",0,0,0.000,0,0,0.000,0,0,0.000,0,0,0.000,0,0,0.000,NHL,Carolina Hurricanes,85,06/25/1998,32,G,76,"6'4""",218,28,Right,N/A,N/A,N/A,88,88,87,88,89,88,89,82,80,83,79,88,89,84,85,85,82,86,84
1707,Frederik,Andersen,Frederik Andersen,Tennessee Wolverines,2,"$4,000,000",1579,1442,0.913,2625,2406,0.917,2743,2515,0.917,1909,1736,0.909,8856,8099,0.915,NHL,Carolina Hurricanes,84,10/02/1989,31,G,76,"6'4""",229,36,Left,2012,3,87,85,85,86,90,89,89,87,88,85,81,85,88,90,80,85,80,82,86,87
1708,Pyotr,Kochetkov,Pyotr Kochetkov,Raleigh Wildcats,3,"$4,000,000",0,0,0.000,0,0,0.000,2700,2461,0.911,1480,1351,0.913,4180,3812,0.912,NHL,Carolina Hurricanes,84,06/25/1999,52,G,75,"6'3""",196,27,Left,2019,2,36,83,83,88,85,91,86,89,86,86,91,87,89,88,81,89,87,87,89,83
1709,Spencer,Knight,Spencer Knight,Charleston Tsunami,1,"$6,000,000",1530,1380,0.902,2521,2299,0.912,2515,2282,0.907,1383,1218,0.881,7949,7179,0.903,NHL,Chicago Blackhawks,86,04/19/2001,30,G,75,"6'3""",191,25,Left,2019,1,13,87,84,88,86,90,88,90,86,87,88,87,90,90,82,87,85,85,87,89
1710,Arvid,Söderblom,Arvid Söderblom,Jacksonville Blood Hounds,5,"$1,500,000",0,0,0.000,73,68,0.932,0,0,0.000,1618,1487,0.919,1691,1555,0.920,NHL,Chicago Blackhawks,80,08/19/1999,40,G,75,"6'3""",180,27,Left,N/A,N/A,N/A,85,83,86,84,87,86,86,82,80,82,80,82,85,82,82,84,84,83,82
1711,Mackenzie,Blackwood,Mackenzie Blackwood,Richmond Robbers,3,"$7,000,000",1624,1465,0.902,2555,2339,0.915,2633,2374,0.902,1721,1551,0.901,8533,7729,0.906,NHL,Colorado Avalanche,87,12/09/1996,39,G,76,"6'4""",225,29,Left,2015,2,42,90,90,89,87,92,85,91,80,91,83,80,84,90,88,87,89,89,93,83
1712,Scott,Wedgewood,Scott Wedgewood,North Dakota Bison,2,"$5,000,000",0,0,0.000,101,90,0.891,48,42,0.875,893,814,0.912,1042,946,0.908,NHL,Colorado Avalanche,85,08/14/1992,41,G,74,"6'2""",201,34,Left,2010,3,84,87,88,89,88,87,90,87,85,85,83,85,89,89,83,85,82,82,85,85
1713,Jet,Greaves,Jet Greaves,Iowa Rebels,7,"$4,000,000",0,0,0.000,0,0,0.000,0,0,0.000,923,822,0.891,923,822,0.891,NHL,Columbus Blue Jackets,84,03/30/2001,73,G,72,"6'0""",188,25,Left,N/A,N/A,N/A,87,87,87,89,86,89,87,85,88,81,82,88,88,81,85,81,81,87,86
1714,Elvis,Merzlikins,Elvis Merzlikins,Cincinnati Thunderbolts,3,"$2,500,000",1494,1329,0.890,2412,2191,0.908,2634,2435,0.924,1705,1542,0.904,8245,7497,0.909,NHL,Columbus Blue Jackets,82,04/13/1994,90,G,75,"6'3""",190,32,Left,2014,3,76,85,85,86,85,88,86,88,87,85,84,88,84,85,81,82,88,88,85,84
1715,Jake,Oettinger,Jake Oettinger,Nevada Archers,3,"$10,000,000",1518,1345,0.886,2693,2461,0.914,2733,2496,0.913,1729,1585,0.917,8673,7887,0.909,NHL,Dallas Stars,90,12/18/1998,29,G,78,"6'6""",225,27,Left,2017,1,26,90,85,91,90,92,90,93,86,91,91,91,90,92,85,86,93,93,87,93
1716,Casey,DeSmith,Casey DeSmith,Detroit Motors,2,"$2,500,000",0,0,0.000,92,83,0.902,2579,2350,0.911,1965,1795,0.913,4636,4228,0.912,NHL,Dallas Stars,82,08/13/1991,1,G,72,"6'0""",188,35,Left,N/A,N/A,N/A,86,85,88,86,88,88,85,82,86,84,83,84,86,82,84,83,83,86,87
1717,John,Gibson,John Gibson,Long Island Blizzard,4,"$6,000,000",1499,1346,0.898,2559,2339,0.914,2590,2343,0.905,1844,1688,0.915,8492,7716,0.909,NHL,Detroit Red Wings,86,07/14/1993,36,G,75,"6'3""",209,33,Left,2011,2,39,88,85,88,89,89,89,89,85,85,86,81,90,90,84,84,85,85,83,86
1718,Cam,Talbot,Cam Talbot,Atlanta Cobalts,3,"$3,250,000",0,0,0.000,2504,2265,0.905,124,116,0.935,953,876,0.919,3581,3257,0.910,NHL,Detroit Red Wings,83,07/05/1987,39,G,75,"6'3""",202,39,Left,N/A,N/A,N/A,87,81,84,84,87,87,88,84,86,88,82,89,86,86,86,88,88,87,84
1719,Tristan,Jarry,Tristan Jarry,Lincoln Lumberjacks,3,"$2,500,000",0,0,0.000,114,99,0.868,2624,2413,0.920,874,803,0.919,3612,3315,0.918,NHL,Edmonton Oilers,82,04/29/1995,35,G,76,"6'4""",201,31,Left,2013,2,44,87,83,84,85,87,86,87,86,84,83,86,86,86,84,81,86,86,83,88
1720,Connor,Ingram,Connor Ingram,Chicago Rockets,4,"$2,500,000",0,0,0.000,96,89,0.927,2648,2447,0.924,1127,1013,0.899,3871,3549,0.917,NHL,Edmonton Oilers,82,03/31/1997,39,G,74,"6'2""",196,29,Left,2016,3,88,86,84,87,87,87,88,88,83,82,83,84,86,86,84,80,83,83,82,83
1721,Sergei,Bobrovsky,Sergei Bobrovsky,North Dakota Bison,5,"$7,000,000",1527,1366,0.895,2572,2351,0.914,2485,2255,0.907,1695,1540,0.909,8279,7512,0.907,NHL,Florida Panthers,87,09/20/1988,72,G,74,"6'2""",180,37,Left,N/A,N/A,N/A,87,87,87,89,90,90,90,88,90,91,87,90,90,82,86,92,91,85,90
1722,Daniil,Tarasov,Daniil Tarasov,Nevada Archers,6,"$1,500,000",0,0,0.000,21,20,0.952,110,98,0.891,0,0,0.000,131,118,0.901,NHL,Florida Panthers,80,03/27/1999,40,G,77,"6'5""",203,27,Left,2017,3,86,85,82,85,86,87,88,86,83,82,86,85,84,85,81,80,81,81,81,84
1723,Darcy,Kuemper,Darcy Kuemper,Kansas City Metrostars,3,"$7,000,000",1558,1417,0.909,2508,2286,0.911,2533,2294,0.906,1625,1476,0.908,8224,7473,0.909,NHL,Los Angeles Kings,87,05/05/1990,35,G,77,"6'5""",215,36,Left,2009,6,161,85,86,90,90,91,88,92,85,92,88,83,86,90,85,88,88,88,89,84
1724,Anton,Forsberg,Anton Forsberg,Oklahoma Twisters,4,"$2,000,000",0,0,0.000,11,11,1.000,27,24,0.889,795,714,0.898,833,749,0.899,NHL,Los Angeles Kings,81,11/27/1992,31,G,75,"6'3""",198,33,Left,2011,7,188,84,82,84,85,86,85,87,84,83,81,81,84,85,84,85,84,83,86,87
1725,Filip,Gustavsson,Filip Gustavsson,Honolulu Hawks,2,"$9,000,000",0,0,0.000,124,114,0.919,11,11,1.000,1513,1391,0.919,1648,1516,0.920,NHL,Minnesota Wild,89,06/07/1998,32,G,74,"6'2""",184,28,Left,2016,2,55,92,88,90,88,91,88,91,84,85,84,82,88,90,93,86,91,92,90,89
1726,Jesper,Wallstedt,Jesper Wallstedt,Cincinnati Thunderbolts,5,"$5,000,000",0,0,0.000,0,0,0.000,121,105,0.868,1715,1524,0.889,1836,1629,0.887,NHL,Minnesota Wild,85,11/14/2002,30,G,75,"6'3""",214,23,Left,2021,1,20,89,88,89,86,89,86,89,82,85,82,80,89,89,85,85,85,85,85,88
1727,Samuel,Montembeault,Samuel Montembeault,Charleston Tsunami,2,"$3,250,000",3,3,1.000,93,84,0.903,47,43,0.915,804,729,0.907,947,859,0.907,NHL,Montreal Canadiens,83,10/30/1996,35,G,75,"6'3""",218,29,Left,2015,3,77,85,82,88,83,88,83,86,82,89,84,81,86,86,89,91,92,92,90,84
1728,Jakub,Dobeš,Jakub Dobeš,Montana Miners,6,"$2,500,000",0,0,0.000,0,0,0.000,0,0,0.000,0,0,0.000,0,0,0.000,NHL,Montreal Canadiens,82,05/27/2001,75,G,76,"6'4""",215,25,Left,2020,5,136,87,83,86,85,87,89,86,82,91,83,80,85,86,88,82,81,81,82,83
1729,Jacob,Fowler,Jacob Fowler,Long Island Blizzard,3,"$1,500,000",0,0,0.000,0,0,0.000,0,0,0.000,0,0,0.000,0,0,0.000,NHL,Montreal Canadiens,80,11/24/2004,32,G,73,"6'1""",223,21,Left,2023,3,69,86,85,86,83,85,83,85,82,80,83,80,85,85,82,86,85,80,85,82
1730,Juuse,Saros,Juuse Saros,Arizona Heat,5,"$8,000,000",1453,1305,0.898,2464,2264,0.919,2459,2242,0.912,1604,1450,0.904,7980,7261,0.910,NHL,Nashville Predators,88,04/19/1995,74,G,71,"5'11""",180,31,Left,2013,4,99,86,88,88,87,91,89,94,89,87,85,89,89,90,83,91,94,94,92,82
1731,Justus,Annunen,Justus Annunen,Las Vegas Vipers,3,"$1,000,000",0,0,0.000,0,0,0.000,71,65,0.915,1003,913,0.910,1074,978,0.911,NHL,Nashville Predators,78,03/11/2000,29,G,76,"6'4""",210,26,Left,2018,3,64,81,81,82,84,85,83,84,83,84,81,81,85,83,81,83,83,83,82,83
1732,Jacob,Markstrom,Jacob Markstrom,Florida Sunshine,6,"$5,000,000",1663,1508,0.907,2514,2302,0.916,2663,2419,0.908,1670,1517,0.908,8510,7746,0.910,NHL,New Jersey Devils,85,01/31/1990,25,G,78,"6'6""",207,36,Left,2008,2,31,85,86,88,86,87,86,89,91,86,87,90,89,87,84,87,89,89,92,88
1733,Jake,Allen,Jake Allen,South Dakota Spartans,1,"$3,250,000",0,0,0.000,2517,2297,0.913,103,92,0.893,923,843,0.913,3543,3232,0.912,NHL,New Jersey Devils,83,08/07/1990,34,G,74,"6'2""",197,36,Left,2008,2,34,86,85,85,89,87,88,86,86,84,86,88,84,87,83,85,84,84,88,84
1734,Ilya,Sorokin,Ilya Sorokin,Philadelphia Destroyers,6,"$13,000,000",1493,1312,0.879,2561,2315,0.904,2426,2216,0.913,1276,1184,0.928,7756,7027,0.906,NHL,New York Islanders,93,08/04/1995,30,G,75,"6'3""",189,31,Left,2014,3,78,90,90,96,90,95,90,96,84,90,90,81,88,92,91,96,94,94,94,90
1735,Semyon,Varlamov,Semyon Varlamov,Houston Hammerheads,3,"$2,000,000",1533,1377,0.898,2487,2256,0.907,2643,2398,0.907,1806,1614,0.894,8469,7645,0.903,NHL,New York Islanders,81,04/27/1988,40,G,74,"6'2""",201,38,Left,2006,1,23,84,83,88,88,86,87,86,84,84,81,82,84,85,84,83,81,81,84,85
1736,David,Rittich,David Rittich,Houston Hammerheads,4,"$1,250,000",10,8,0.800,2487,2265,0.911,2533,2307,0.911,743,666,0.896,5773,5246,0.909,NHL,New York Islanders,79,08/19/1992,33,G,75,"6'3""",200,34,Left,N/A,N/A,N/A,82,84,83,83,86,86,85,85,83,87,86,84,83,81,83,84,84,84,82
1737,Igor,Shesterkin,Igor Shesterkin,South Dakota Spartans,1,"$13,000,000",1501,1326,0.883,2530,2305,0.911,2491,2240,0.899,1550,1422,0.917,8072,7293,0.903,NHL,New York Rangers,93,12/30/1995,31,G,73,"6'1""",199,30,Left,2014,4,118,87,92,90,91,96,92,96,88,92,95,88,90,93,83,92,94,94,93,93
1738,Jonathan,Quick,Jonathan Quick,New York Steamrollers,1,"$2,500,000",0,0,0.000,2410,2176,0.903,84,75,0.893,1636,1470,0.899,4130,3721,0.901,NHL,New York Rangers,82,01/21/1986,32,G,73,"6'1""",219,40,Left,2005,3,72,86,84,86,85,87,87,87,81,84,84,81,86,86,81,81,83,83,82,86
1739,Linus,Ullmark,Linus Ullmark,Indianapolis Ghosts,4,"$5,000,000",1482,1329,0.897,2547,2339,0.918,2703,2460,0.910,1590,1442,0.907,8322,7570,0.910,NHL,Ottawa Senators,85,07/31/1993,35,G,76,"6'4""",223,33,Left,2012,6,163,84,85,86,85,88,92,89,82,87,87,82,84,90,82,85,87,87,88,94
1740,James,Reimer,James Reimer,Fort Worth Defenders,1,"$1,250,000",19,18,0.947,2545,2336,0.918,23,22,0.957,1037,920,0.887,3624,3296,0.909,NHL,Ottawa Senators,79,03/15/1988,47,G,74,"6'2""",200,38,Left,2006,4,99,85,81,85,84,84,86,84,81,87,85,81,82,84,84,81,82,82,83,89
1741,Dan,Vladar,Dan Vladar,Cleveland Demons,5,"$4,000,000",2,2,1.000,0,0,0.000,59,54,0.915,939,844,0.899,1000,900,0.900,NHL,Philadelphia Flyers,84,08/20/1997,80,G,77,"6'5""",209,29,Left,2015,3,75,88,85,88,86,88,86,88,84,86,85,83,89,88,86,84,83,83,84,85
1742,Samuel,Ersson,Samuel Ersson,Seattle Dragons,1,"$2,000,000",0,0,0.000,0,0,0.000,54,50,0.926,718,661,0.921,772,711,0.921,NHL,Philadelphia Flyers,81,10/20/1999,33,G,75,"6'3""",194,26,Left,2018,5,143,85,80,86,85,86,85,87,82,84,81,80,85,85,86,83,87,87,82,83
1743,Arturs,Silovs,Arturs Silovs,Denver Mountain Lions,2,"$3,250,000",0,0,0.000,0,0,0.000,93,86,0.925,1077,964,0.895,1170,1050,0.897,NHL,Pittsburgh Penguins,83,03/22/2001,37,G,76,"6'4""",208,25,Left,2019,6,156,85,87,87,89,89,90,89,84,84,83,81,85,86,84,84,80,80,84,82
1744,Stuart,Skinner,Stuart Skinner,Florida Sunshine,1,"$3,250,000",0,0,0.000,0,0,0.000,2512,2289,0.911,1613,1450,0.899,4125,3739,0.906,NHL,Pittsburgh Penguins,83,11/01/1998,74,G,76,"6'4""",215,27,Left,2017,3,78,88,82,83,84,86,86,88,84,85,83,85,86,87,86,84,90,90,84,87
1745,Yaroslav,Askarov,Yaroslav Askarov,Detroit Motors,2,"$3,250,000",0,0,0.000,0,0,0.000,2441,2218,0.909,603,544,0.902,3044,2762,0.907,NHL,San Jose Sharks,83,06/16/2002,30,G,75,"6'3""",180,24,Right,2020,1,11,85,82,87,89,88,90,88,84,89,83,85,85,87,81,87,81,81,86,88
1746,Alex,Nedeljkovic,Alex Nedeljkovic,Fort Worth Defenders,6,"$2,000,000",1623,1471,0.906,2592,2380,0.918,102,97,0.951,751,688,0.916,5068,4636,0.915,NHL,San Jose Sharks,81,01/07/1996,33,G,72,"6'0""",205,30,Left,2014,2,37,85,82,86,84,88,86,87,88,85,84,88,85,85,82,81,85,85,82,88
1747,Carey,Price,Carey Price,Philadelphia Destroyers,1,"$900,000",1565,1424,0.910,92,83,0.902,0,0,0.000,0,0,0.000,1657,1507,0.909,NHL,San Jose Sharks,70,08/16/1987,31,G,75,"6'3""",217,39,Left,2005,1,5,80,80,80,80,80,80,80,84,70,87,85,70,70,70,89,75,85,89,70
1748,Joey,Daccord,Joey Daccord,St. Louis Leopards,2,"$5,000,000",0,0,0.000,106,96,0.906,22,19,0.864,1220,1113,0.912,1348,1228,0.911,NHL,Seattle Kraken,85,08/19/1996,35,G,74,"6'2""",201,30,Left,2015,7,199,88,86,91,85,89,85,88,90,87,91,90,87,87,87,85,89,89,88,86
1749,Philipp,Grubauer,Philipp Grubauer,Cleveland Demons,1,"$2,500,000",1513,1374,0.908,2514,2269,0.903,2525,2279,0.903,903,811,0.898,7455,6733,0.903,NHL,Seattle Kraken,82,11/25/1991,31,G,73,"6'1""",188,34,Left,2010,4,112,85,85,86,87,88,87,88,80,82,82,81,86,88,82,80,83,83,82,84
1750,Matt,Murray,Matt Murray,Las Vegas Vipers,1,"$2,000,000",0,0,0.000,0,0,0.000,0,0,0.000,907,795,0.877,907,795,0.877,NHL,Seattle Kraken,80,05/25/1994,30,G,77,"6'5""",220,32,Left,2012,3,83,85,85,85,83,84,85,85,85,80,80,85,85,85,84,85,75,80,85,83
1751,Jordan,Binnington,Jordan Binnington,Baltimore Oceanics,2,"$4,000,000",4,2,0.500,2454,2240,0.913,2504,2304,0.920,1696,1545,0.911,6658,6091,0.915,NHL,St. Louis Blues,84,07/11/1993,50,G,74,"6'2""",172,33,Left,2011,3,88,84,84,87,87,88,86,88,88,80,88,90,87,87,82,84,92,92,83,86
1752,Joel,Hofer,Joel Hofer,Jacksonville Blood Hounds,1,"$3,250,000",0,0,0.000,0,0,0.000,62,57,0.919,769,698,0.908,831,755,0.909,NHL,St. Louis Blues,83,07/30/2000,30,G,77,"6'5""",193,26,Left,2018,4,107,87,84,86,86,87,88,87,91,87,86,90,88,87,84,83,83,83,84,86
1753,Andrei,Vasilevskiy,Andrei Vasilevskiy,Atlanta Cobalts,5,"$14,000,000",1488,1323,0.889,2481,2278,0.918,2738,2529,0.924,1578,1454,0.921,8285,7584,0.915,NHL,Tampa Bay Lightning,94,07/25/1994,88,G,76,"6'4""",223,32,Left,2012,1,19,88,88,95,94,95,93,96,88,91,95,88,95,94,84,94,94,94,93,94
1754,Jonas,Johansson,Jonas Johansson,Honolulu Hawks,4,"$1,500,000",0,0,0.000,0,0,0.000,76,66,0.868,775,705,0.910,851,771,0.906,NHL,Tampa Bay Lightning,80,09/19/1995,31,G,77,"6'5""",220,30,Left,2014,3,61,84,82,85,84,87,87,85,83,84,82,81,86,85,81,83,82,82,82,83
1755,Joseph,Woll,Joseph Woll,Washington Admirals,1,"$5,000,000",0,0,0.000,2531,2313,0.914,2642,2419,0.916,1446,1313,0.908,6619,6045,0.913,NHL,Toronto Maple Leafs,85,07/12/1998,60,G,75,"6'3""",206,28,Left,2016,3,62,90,86,86,88,87,87,89,84,93,85,83,86,89,87,86,84,84,87,83
1756,Anthony,Stolarz,Anthony Stolarz,Denver Mountain Lions,2,"$4,000,000",15,13,0.867,2539,2306,0.908,2432,2224,0.914,1486,1352,0.910,6472,5895,0.911,NHL,Toronto Maple Leafs,84,01/20/1994,41,G,78,"6'6""",248,32,Left,2012,2,45,83,86,88,87,88,88,87,88,90,87,87,84,89,85,88,84,84,90,89
1757,Dennis,Hildeby,Dennis Hildeby,Brooklyn Bulldogs,6,"$1,500,000",0,0,0.000,0,0,0.000,0,0,0.000,0,0,0.000,0,0,0.000,NHL,Toronto Maple Leafs,80,08/19/2001,35,G,79,"6'7""",224,25,Left,2022,4,122,83,80,86,86,86,87,86,83,87,83,85,86,85,82,79,80,80,83,82
1758,Karel,Vejmelka,Karel Vejmelka,San Antonio Bandits,1,"$4,000,000",0,0,0.000,28,26,0.929,0,0,0.000,747,686,0.918,775,712,0.919,NHL,Utah Mammoth,84,05/25/1996,70,G,76,"6'4""",221,30,Right,2015,5,145,87,82,85,86,88,84,90,84,87,86,84,86,88,87,84,91,91,86,89
1759,Vitek,Vanecek,Vitek Vanecek,St. Louis Leopards,2,"$3,000,000",7,7,1.000,2494,2288,0.917,57,52,0.912,798,720,0.902,3356,3067,0.914,NHL,Utah Mammoth,80,01/09/1996,40,G,74,"6'2""",184,30,Left,2014,2,39,84,84,85,85,86,86,86,84,83,82,84,83,84,81,82,83,83,83,85
1760,Thatcher,Demko,Thatcher Demko,Seattle Dragons,5,"$8,000,000",1530,1391,0.909,2437,2230,0.915,2606,2367,0.908,1728,1551,0.898,8301,7539,0.908,NHL,Vancouver Canucks,88,12/08/1995,35,G,76,"6'4""",192,30,Left,2014,2,36,91,91,90,90,90,91,90,86,88,83,80,90,90,85,88,70,84,86,88
1761,Kevin,Lankinen,Kevin Lankinen,Arizona Heat,2,"$2,500,000",3,2,0.667,19,17,0.895,54,47,0.870,935,855,0.914,1011,921,0.911,NHL,Vancouver Canucks,82,04/28/1995,32,G,74,"6'2""",190,31,Left,N/A,N/A,N/A,85,83,88,85,86,86,86,84,88,84,82,85,86,83,83,86,86,84,86
1762,Nikita,Tolopilo,Nikita Tolopilo,Montana Miners,2,"$1,300,000",0,0,0.000,0,0,0.000,0,0,0.000,0,0,0.000,0,0,0.000,NHL,Vancouver Canucks,77,04/06/2000,60,G,78,"6'6""",229,26,Left,N/A,N/A,N/A,82,81,84,81,83,81,84,80,70,82,80,83,84,82,85,80,83,85,83
1763,Adin,Hill,Adin Hill,Brooklyn Bulldogs,4,"$4,000,000",0,0,0.000,2543,2307,0.907,2552,2318,0.908,946,845,0.893,6041,5470,0.905,NHL,Vegas Golden Knights,84,05/11/1996,33,G,76,"6'4""",222,30,Left,2015,3,76,86,83,85,85,88,90,88,84,86,85,84,85,87,89,83,87,87,87,90
1764,Carter,Hart,Carter Hart,New Orleans Whalers,7,"$3,250,000",1598,1435,0.898,2457,2244,0.913,2702,2450,0.907,1546,1391,0.900,8303,7520,0.906,NHL,Vegas Golden Knights,83,08/13/1998,79,G,74,"6'2""",181,28,Left,2016,2,48,86,86,86,86,86,86,86,86,80,86,80,86,87,89,89,80,80,88,87
1765,Akira,Schmid,Akira Schmid,Baltimore Oceanics,1,"$2,500,000",0,0,0.000,0,0,0.000,43,39,0.907,1604,1434,0.894,1647,1473,0.894,NHL,Vegas Golden Knights,82,05/12/2000,40,G,77,"6'5""",190,26,Left,2018,5,136,85,82,86,87,86,89,86,84,88,82,81,85,87,86,81,80,80,84,85
1766,Logan,Thompson,Logan Thompson,Chicago Rockets,3,"$9,000,000",0,0,0.000,2510,2280,0.908,2428,2237,0.921,1753,1602,0.914,6691,6119,0.915,NHL,Washington Capitals,89,02/25/1997,48,G,76,"6'4""",207,29,Right,N/A,N/A,N/A,86,89,88,90,93,91,93,84,90,83,81,89,92,87,89,87,87,90,86
1767,Charlie,Lindgren,Charlie Lindgren,Portland Sea Lions,4,"$2,500,000",7,4,0.571,39,35,0.897,2549,2320,0.910,1733,1562,0.901,4328,3921,0.906,NHL,Washington Capitals,82,12/18/1993,79,G,74,"6'2""",190,32,Right,N/A,N/A,N/A,82,85,88,84,86,86,87,84,88,83,81,86,86,83,83,87,87,84,82
1768,Connor,Hellebuyck,Connor Hellebuyck,Columbus Cougars,1,"$12,000,000",1594,1463,0.918,2578,2331,0.904,2532,2323,0.917,1510,1379,0.913,8214,7496,0.913,NHL,Winnipeg Jets,92,05/19/1993,37,G,76,"6'4""",207,33,Left,2012,5,130,92,91,92,93,92,91,92,86,91,92,90,90,91,85,93,95,95,92,95
1769,Eric,Comrie,Eric Comrie,Lincoln Lumberjacks,6,"$2,000,000",11,10,0.909,33,31,0.939,0,0,0.000,1665,1504,0.903,1709,1545,0.904,NHL,Winnipeg Jets,81,07/06/1995,1,G,73,"6'1""",190,31,Left,2013,2,59,87,83,86,86,85,86,85,82,82,81,80,85,84,84,83,81,81,84,84
1770,Jiri,Patera,Jiri Patera,Tennessee Wolverines,1,"$900,000",0,0,0.000,0,0,0.000,0,0,0.000,0,0,0.000,0,0,0.000,AHL,Abbotsford Canucks,76,02/24/1999,30,G,75,"6'3""",212,27,Left,2017,6,161,83,83,82,82,82,85,82,80,81,81,80,81,81,82,81,80,80,83,82
1771,Calvin,Pickard,Calvin Pickard,Raleigh Wildcats,1,"$1,500,000",0,0,0.000,46,39,0.848,0,0,0.000,0,0,0.000,46,39,0.848,AHL,Bakersfield Condors,77,04/15/1992,30,G,73,"6'1""",206,34,Left,2010,2,49,84,80,83,82,84,84,84,81,85,80,81,82,82,81,80,84,84,81,83
1772,Matt,Tomkins,Matt Tomkins,UFA,,,0,0,0.000,0,0,0.000,0,0,0.000,0,0,0.000,0,0,0.000,AHL,Bakersfield Condors,76,06/19/1994,90,G,76,"6'4""",191,32,Left,2012,7,199,81,82,82,83,82,85,82,80,82,81,81,82,81,82,80,80,80,82,84
1773,Leevi,Meriläinen,Leevi Meriläinen,New Orleans Whalers,5,"$1,250,000",0,0,0.000,0,0,0.000,0,0,0.000,942,837,0.889,942,837,0.889,AHL,Belleville Senators,79,08/13/2002,35,G,74,"6'2""",196,24,Left,2020,3,71,85,82,84,85,83,85,83,82,88,81,80,83,83,85,82,81,81,83,84
1774,Mads,Søgaard,Mads Søgaard,North Dakota Bison,2,"$1,000,000",0,0,0.000,0,0,0.000,0,0,0.000,0,0,0.000,0,0,0.000,AHL,Belleville Senators,75,12/13/2000,40,G,79,"6'7""",217,25,Left,2019,2,37,80,80,82,81,82,83,82,83,82,81,82,82,81,80,81,80,80,82,82
1775,Marcus,Hogberg,Marcus Hogberg,UFA,,,0,0,0.000,0,0,0.000,0,0,0.000,0,0,0.000,0,0,0.000,AHL,Bridgeport Islanders,75,11/25/1994,35,G,77,"6'5""",234,31,Left,2013,3,78,83,80,81,81,82,82,82,80,85,81,79,81,80,86,80,81,81,80,83
1776,Ivan,Prosvetov,Ivan Prosvetov,UFA,,,0,0,0.000,63,56,0.889,0,0,0.000,0,0,0.000,63,56,0.889,AHL,Calgary Wranglers,72,03/05/1999,1,G,77,"6'5""",195,27,Left,2018,4,114,80,78,80,79,80,79,80,79,80,82,80,79,80,79,82,81,78,83,82
1777,Arsenii,Sergeev,Arsenii Sergeev,UFA,,,0,0,0.000,0,0,0.000,0,0,0.000,0,0,0.000,0,0,0.000,AHL,Calgary Wranglers,70,12/16/2002,35,G,75,"6'3""",194,23,Left,2021,7,205,79,79,82,77,78,79,77,79,75,80,76,79,80,75,80,82,73,82,71
1778,Louis,Domingue,Louis Domingue,Denver Mountain Lions,1,"$1,000,000",0,0,0.000,0,0,0.000,0,0,0.000,0,0,0.000,0,0,0.000,AHL,Charlotte Checkers,77,03/06/1992,70,G,75,"6'3""",209,34,Right,2010,5,138,82,82,81,81,83,81,83,80,75,80,80,82,82,83,85,85,85,85,84
1779,Kirill,Gerasimyuk,Kirill Gerasimyuk,UFA,,,0,0,0.000,0,0,0.000,0,0,0.000,0,0,0.000,0,0,0.000,AHL,Charlotte Checkers,71,08/22/2003,20,G,74,"6'2""",179,23,Left,2021,5,152,80,79,79,75,80,76,80,80,70,80,80,79,80,80,84,80,80,84,80
1780,Cooper,Black,Cooper Black,UFA,,,0,0,0.000,0,0,0.000,0,0,0.000,0,0,0.000,0,0,0.000,AHL,Charlotte Checkers,70,06/14/2001,31,G,80,"6'8""",240,25,Left,N/A,N/A,N/A,82,78,76,79,77,77,75,76,78,76,77,77,78,86,81,79,75,80,77
1781,Amir,Miftakhov,Amir Miftakhov,UFA,,,0,0,0.000,0,0,0.000,0,0,0.000,0,0,0.000,0,0,0.000,AHL,Chicago Wolves,75,04/26/2000,35,G,73,"6'1""",181,26,Left,2020,6,186,81,82,80,78,80,78,81,78,70,81,78,82,83,82,86,80,84,86,84
1782,Cayden,Primeau,Cayden Primeau,UFA,,,0,0,0.000,2516,2286,0.909,81,74,0.914,0,0,0.000,2597,2360,0.909,AHL,Chicago Wolves,75,08/11/1999,30,G,75,"6'3""",205,27,Left,2017,7,199,81,79,81,81,82,83,82,81,80,84,80,81,80,82,80,81,81,82,82
1783,Ivan,Fedotov,Ivan Fedotov,New York Steamrollers,3,"$1,500,000",0,0,0.000,0,0,0.000,123,112,0.911,917,833,0.908,1040,945,0.909,AHL,Cleveland Monsters,80,11/28/1996,80,G,79,"6'7""",214,29,Left,2015,7,188,80,85,85,85,86,85,86,83,84,81,83,85,84,82,82,82,82,82,86
1784,Zach,Sawchenko,Zach Sawchenko,UFA,,,0,0,0.000,0,0,0.000,0,0,0.000,0,0,0.000,0,0,0.000,AHL,Cleveland Monsters,74,12/30/1997,36,G,73,"6'1""",185,28,Left,N/A,N/A,N/A,81,81,81,78,81,77,82,80,70,80,80,81,81,81,84,83,83,84,81
1785,Niklas,Kokko,Niklas Kokko,Long Island Blizzard,3,"$1,500,000",0,0,0.000,0,0,0.000,0,0,0.000,0,0,0.000,0,0,0.000,AHL,Coachella Valley Firebirds,75,03/14/2004,35,G,75,"6'3""",184,22,Left,2022,2,58,78,82,83,79,81,82,83,79,84,83,82,82,83,78,85,84,82,85,77
1786,Trent,Miner,Trent Miner,Jacksonville Blood Hounds,3,"$900,000",0,0,0.000,0,0,0.000,0,0,0.000,0,0,0.000,0,0,0.000,AHL,Colorado Eagles,77,02/05/2001,50,G,73,"6'1""",185,25,Left,2019,7,202,82,82,82,82,82,84,82,80,80,82,80,82,84,80,86,84,80,85,80
1787,Sebastian,Cossa,Sebastian Cossa,Lincoln Lumberjacks,2,"$1,750,000",0,0,0.000,0,0,0.000,0,0,0.000,0,0,0.000,0,0,0.000,AHL,Grand Rapids Griffins,74,11/21/2002,33,G,78,"6'6""",229,23,Left,2021,1,15,79,77,82,78,83,75,82,81,79,80,83,85,80,80,84,87,86,82,81
1788,Spencer,Martin,Spencer Martin,San Antonio Bandits,2,"$1,250,000",0,0,0.000,0,0,0.000,0,0,0.000,0,0,0.000,0,0,0.000,AHL,Hartford Wolf Pack,79,06/08/1995,41,G,75,"6'3""",191,31,Left,2013,3,63,84,84,84,83,82,83,84,83,80,83,83,83,84,83,86,85,83,86,86
1789,Dylan,Garand,Dylan Garand,UFA,,,0,0,0.000,0,0,0.000,0,0,0.000,0,0,0.000,0,0,0.000,AHL,Hartford Wolf Pack,74,06/07/2002,31,G,75,"6'3""",177,24,Left,2020,4,103,80,76,78,77,83,81,83,81,79,83,82,80,81,78,82,86,84,84,82
1790,Carl,Lindbom,Carl Lindbom,Indianapolis Ghosts,2,"$1,000,000",0,0,0.000,0,0,0.000,0,0,0.000,0,0,0.000,0,0,0.000,AHL,Henderson Silver Knights,76,05/20/2003,30,G,73,"6'1""",186,23,Left,2021,7,222,81,82,81,79,81,80,82,83,75,84,80,84,84,80,84,85,81,84,79
1791,Jesper,Vikman,Jesper Vikman,UFA,,,0,0,0.000,0,0,0.000,0,0,0.000,0,0,0.000,0,0,0.000,AHL,Hershey Bears,73,03/11/2002,30,G,76,"6'4""",205,24,Left,2020,5,125,81,80,81,77,82,78,82,80,70,80,80,80,81,81,84,80,80,84,81
1792,Clay,Stevenson,Clay Stevenson,UFA,,,0,0,0.000,0,0,0.000,0,0,0.000,0,0,0.000,0,0,0.000,AHL,Hershey Bears,72,03/03/1999,31,G,76,"6'4""",195,27,Left,N/A,N/A,N/A,80,77,78,77,83,76,80,76,79,78,76,82,78,78,84,84,82,84,75
1793,Mitchell,Gibson,Mitchell Gibson,UFA,,,0,0,0.000,0,0,0.000,0,0,0.000,0,0,0.000,0,0,0.000,AHL,Hershey Bears,71,06/25/1999,35,G,73,"6'1""",188,27,Left,2018,4,124,79,79,79,75,79,75,80,80,70,80,80,79,80,78,83,85,82,83,79
1794,Cal,Petersen,Cal Petersen,Arizona Heat,1,"$925,000",1592,1406,0.883,2516,2298,0.913,0,0,0.000,0,0,0.000,4108,3704,0.902,AHL,Iowa Wild,75,10/19/1994,40,G,74,"6'2""",185,31,Right,2013,5,129,81,80,82,82,82,83,82,80,82,80,80,81,80,83,80,80,80,81,83
1795,Samuel,Hlavaj,Samuel Hlavaj,UFA,,,0,0,0.000,0,0,0.000,0,0,0.000,0,0,0.000,0,0,0.000,AHL,Iowa Wild,74,05/29/2001,31,G,76,"6'4""",218,25,Left,N/A,N/A,N/A,84,85,79,78,82,76,81,79,79,84,80,76,81,84,83,86,83,86,78
1796,Kaapo,Kähkönen,Kaapo Kähkönen,Raleigh Wildcats,4,"$1,500,000",10,7,0.700,2456,2276,0.927,28,24,0.857,942,846,0.898,3436,3153,0.918,AHL,Laval Rocket,80,08/16/1996,34,G,74,"6'2""",217,30,Left,2014,4,109,84,82,83,83,87,85,85,83,82,82,81,86,84,84,81,85,85,82,82
1797,Hunter,Shepard,Hunter Shepard,UFA,,,0,0,0.000,0,0,0.000,0,0,0.000,0,0,0.000,0,0,0.000,AHL,Laval Rocket,72,11/07/1995,31,G,72,"6'0""",215,30,Left,N/A,N/A,N/A,78,82,78,78,83,78,81,75,78,76,75,76,78,77,86,86,84,86,75
1798,Aleksei,Kolosov,Aleksei Kolosov,Chicago Rockets,2,"$900,000",0,0,0.000,0,0,0.000,0,0,0.000,0,0,0.000,0,0,0.000,AHL,Lehigh Valley Phantoms,77,01/04/2002,35,G,73,"6'1""",185,24,Left,2021,3,78,80,79,83,84,84,85,84,80,81,82,79,84,83,81,79,81,81,83,82
1799,Thomas,Milic,Thomas Milic,UFA,,,0,0,0.000,0,0,0.000,0,0,0.000,0,0,0.000,0,0,0.000,AHL,Manitoba Moose,74,04/14/2003,32,G,72,"6'0""",175,23,Left,2023,5,151,80,80,82,79,81,78,82,83,70,80,83,80,83,80,85,85,80,85,80
1800,Domenic,DiVincentiis,Domenic DiVincentiis,UFA,,,0,0,0.000,0,0,0.000,0,0,0.000,0,0,0.000,0,0,0.000,AHL,Manitoba Moose,70,03/04/2004,50,G,74,"6'2""",191,22,Left,2022,7,207,78,76,81,76,77,77,79,76,77,78,78,76,78,78,81,82,79,83,81
1801,Matt,Murray,Matt Murray,Seattle Dragons,1,"$900,000",0,0,0.000,0,0,0.000,0,0,0.000,0,0,0.000,0,0,0.000,AHL,Milwaukee Admirals,77,02/02/1998,32,G,77,"6'5""",220,28,Left,N/A,N/A,N/A,81,80,83,81,85,84,84,81,82,81,80,81,82,83,81,83,83,83,83
1802,Magnus,Chrona,Magnus Chrona,UFA,,,0,0,0.000,0,0,0.000,0,0,0.000,0,0,0.000,0,0,0.000,AHL,Milwaukee Admirals,71,08/28/2000,30,G,76,"6'4""",194,26,Left,2018,5,152,78,78,77,77,81,75,81,78,75,79,76,79,80,80,81,83,80,82,80
1803,Phoenix,Copley,Phoenix Copley,Portland Sea Lions,1,"$2,000,000",3,3,1.000,2586,2375,0.918,0,0,0.000,0,0,0.000,2589,2378,0.919,AHL,Ontario Reign,78,01/18/1992,29,G,76,"6'4""",205,34,Left,N/A,N/A,N/A,80,83,82,85,85,85,84,83,82,81,84,84,82,82,80,81,81,81,85
1804,Erik,Portillo,Erik Portillo,UFA,,,0,0,0.000,0,0,0.000,0,0,0.000,0,0,0.000,0,0,0.000,AHL,Ontario Reign,75,09/03/2000,1,G,78,"6'6""",218,26,Left,2019,3,67,82,80,79,81,80,81,80,84,80,86,66,80,81,80,84,85,85,84,87
1805,Michael,DiPietro,Michael DiPietro,Florida Sunshine,3,"$3,000,000",0,0,0.000,76,69,0.908,0,0,0.000,0,0,0.000,76,69,0.908,AHL,Providence Bruins,78,06/09/1999,30,G,73,"6'1""",207,27,Left,2017,3,64,85,81,84,82,84,80,84,77,80,82,76,80,84,82,88,86,84,89,78
1806,Devon,Levi,Devon Levi,Washington Admirals,3,"$1,500,000",0,0,0.000,0,0,0.000,68,65,0.956,1027,930,0.906,1095,995,0.909,AHL,Rochester Americans,80,12/27/2001,27,G,72,"6'0""",192,24,Left,2020,7,212,86,83,84,86,85,87,85,80,83,82,80,85,83,81,81,81,81,83,83
1807,Olivier,Rodrigue,Olivier Rodrigue,Baltimore Oceanics,1,"$900,000",0,0,0.000,0,0,0.000,0,0,0.000,0,0,0.000,0,0,0.000,AHL,Rockford IceHogs,77,07/06/2000,31,G,73,"6'1""",158,26,Left,2018,2,62,82,82,83,82,84,82,84,80,70,83,80,83,84,82,84,85,82,84,82
1808,Drew,Commesso,Drew Commesso,Columbus Cougars,1,"$900,000",0,0,0.000,0,0,0.000,0,0,0.000,0,0,0.000,0,0,0.000,AHL,Rockford IceHogs,75,07/19/2002,33,G,74,"6'2""",180,24,Left,2020,2,46,82,78,83,77,84,81,80,79,76,81,80,82,82,81,84,86,84,85,80
1809,Vyacheslav,Buteyets,Vyacheslav Buteyets,UFA,,,0,0,0.000,0,0,0.000,0,0,0.000,0,0,0.000,0,0,0.000,AHL,San Diego Gulls,75,05/29/2002,32,G,76,"6'4""",220,24,Left,2022,6,178,83,83,82,79,82,80,82,80,75,83,80,78,81,80,82,85,85,80,84
1810,Laurent,Brossoit,Laurent Brossoit,Kansas City Metrostars,4,"$2,500,000",0,0,0.000,31,26,0.839,89,84,0.944,905,793,0.876,1025,903,0.881,AHL,San Jose Barracuda,82,03/23/1993,39,G,75,"6'3""",203,33,Left,2011,6,164,85,85,87,88,84,87,83,84,92,82,84,85,86,89,86,81,81,86,88
1811,Jakub,Skarek,Jakub Skarek,UFA,,,0,0,0.000,0,0,0.000,0,0,0.000,0,0,0.000,0,0,0.000,AHL,San Jose Barracuda,74,11/10/1999,31,G,76,"6'4""",206,26,Left,2018,3,72,80,81,80,80,80,80,81,80,70,80,80,79,80,82,85,84,83,83,82
1812,Gabriel,Carriere,Gabriel Carriere,UFA,,,0,0,0.000,0,0,0.000,0,0,0.000,0,0,0.000,0,0,0.000,AHL,San Jose Barracuda,71,11/05/2000,35,G,74,"6'2""",187,25,Left,N/A,N/A,N/A,76,80,81,76,80,79,78,81,82,77,80,78,79,78,83,80,77,82,82
1813,Georgi,Romanov,Georgi Romanov,Philadelphia Destroyers,2,"$900,000",0,0,0.000,0,0,0.000,0,0,0.000,0,0,0.000,0,0,0.000,AHL,Springfield Thunderbirds,76,12/15/1999,30,G,77,"6'5""",207,26,Left,N/A,N/A,N/A,82,82,83,79,82,78,83,76,70,84,80,82,82,82,86,85,83,86,82
1814,Vadim,Zherenko,Vadim Zherenko,UFA,,,0,0,0.000,0,0,0.000,0,0,0.000,0,0,0.000,0,0,0.000,AHL,Springfield Thunderbirds,72,03/15/2001,1,G,74,"6'2""",176,25,Left,2019,7,208,79,79,79,78,81,78,81,78,78,78,77,80,79,77,81,83,81,80,75
1815,Brandon,Halverson,Brandon Halverson,UFA,,,0,0,0.000,0,0,0.000,0,0,0.000,0,0,0.000,0,0,0.000,AHL,Syracuse Crunch,74,03/29/1996,31,G,76,"6'4""",209,30,Left,2014,2,59,80,81,77,79,81,78,78,78,82,80,82,80,80,85,86,85,83,87,84
1816,Rémi,Poirier,Rémi Poirier,UFA,,,0,0,0.000,0,0,0.000,0,0,0.000,0,0,0.000,0,0,0.000,AHL,Texas Stars,74,10/06/2001,1,G,74,"6'2""",206,24,Left,2020,6,185,79,80,82,80,81,78,81,79,78,83,80,79,82,79,85,83,81,83,77
1817,Artur,Akhtyamov,Artur Akhtyamov,UFA,,,0,0,0.000,0,0,0.000,0,0,0.000,0,0,0.000,0,0,0.000,AHL,Toronto Marlies,72,10/31/2001,70,G,74,"6'2""",170,24,Left,2020,4,106,78,79,80,77,80,78,79,80,80,82,78,82,80,78,83,82,78,80,80
1818,Vyacheslav,Peksa,Vyacheslav Peksa,UFA,,,0,0,0.000,0,0,0.000,0,0,0.000,0,0,0.000,0,0,0.000,AHL,Toronto Marlies,70,08/27/2002,50,G,75,"6'3""",181,24,Left,2021,6,185,78,76,79,76,79,76,79,80,70,80,80,78,75,79,85,85,80,85,78
1819,Matthew,Villalta,Matthew Villalta,New Orleans Whalers,1,"$1,000,000",0,0,0.000,0,0,0.000,0,0,0.000,0,0,0.000,0,0,0.000,AHL,Tucson Roadrunners,79,06/03/1999,31,G,75,"6'3""",190,27,Left,2017,3,72,81,85,85,77,85,80,86,83,81,82,84,86,84,79,89,88,86,88,79
1820,Jaxson,Stauber,Jaxson Stauber,UFA,,,0,0,0.000,0,0,0.000,0,0,0.000,0,0,0.000,0,0,0.000,AHL,Tucson Roadrunners,72,04/27/1999,30,G,75,"6'3""",174,27,Left,N/A,N/A,N/A,82,80,78,78,79,78,78,80,79,77,80,82,78,79,81,80,78,82,77
1821,Nico,Daws,Nico Daws,Atlanta Cobalts,2,"$975,000",26,26,1.000,0,0,0.000,168,145,0.863,0,0,0.000,194,171,0.881,AHL,Utica Comets,78,12/22/2000,50,G,76,"6'4""",205,25,Left,2020,3,84,83,80,85,85,84,87,84,83,83,82,86,83,82,83,81,80,80,83,85
1822,Joel,Blomqvist,Joel Blomqvist,Puerto Rico Toros,4,"$1,500,000",0,0,0.000,33,27,0.818,0,0,0.000,775,704,0.908,808,731,0.905,AHL,Wilkes-Barre/Scranton Penguins,80,01/10/2002,30,G,74,"6'2""",183,24,Left,2020,2,52,81,81,86,85,85,85,85,84,85,81,81,88,85,82,83,83,81,84,85
1823,Sergei,Murashov,Sergei Murashov,Indianapolis Ghosts,3,"$5,250,000",0,0,0.000,0,0,0.000,0,0,0.000,0,0,0.000,0,0,0.000,AHL,Wilkes-Barre/Scranton Penguins,78,04/01/2004,1,G,74,"6'2""",172,22,Right,2022,4,118,86,82,84,82,82,85,81,81,80,81,77,83,85,84,85,79,75,85,83
1824,Jackson,Parsons,Jackson Parsons,Oklahoma Twisters,1,"$900,000",0,0,0.000,0,0,0.000,0,0,0.000,0,0,0.000,0,0,0.000,ECHL,Allen Americans,71,11/23/2004,35,G,73,"6'1""",202,21,Left,N/A,N/A,N/A,76,76,81,78,79,78,78,74,74,71,75,79,79,77,86,85,77,87,76
1825,Connor,Ungar,Connor Ungar,Brooklyn Bulldogs,1,"$1,300,000",0,0,0.000,0,0,0.000,0,0,0.000,0,0,0.000,0,0,0.000,ECHL,Fort Wayne Komets,70,01/12/2002,32,G,72,"6'0""",205,24,Left,N/A,N/A,N/A,78,77,78,74,78,76,79,80,70,80,80,77,80,77,83,85,80,83,76
1826,Isaiah,Saville,Isaiah Saville,UFA,,,0,0,0.000,0,0,0.000,0,0,0.000,0,0,0.000,0,0,0.000,ECHL,Greenville Swamp Rabbits,73,09/21/2000,32,G,73,"6'1""",207,25,Right,2019,5,135,80,80,80,78,80,77,80,83,70,79,80,80,80,80,84,82,82,84,80
1827,Isaac,Poulter,Isaac Poulter,UFA,,,0,0,0.000,0,0,0.000,0,0,0.000,0,0,0.000,0,0,0.000,ECHL,Norfolk Admirals,71,09/12/2001,30,G,74,"6'2""",174,24,Left,N/A,N/A,N/A,79,76,77,77,81,78,80,78,81,81,78,76,79,81,80,84,81,81,83
1828,Jon,Gillies,Jon Gillies,UFA,,,0,0,0.000,66,59,0.894,0,0,0.000,0,0,0.000,66,59,0.894,ECHL,Orlando Solar Bears,75,01/22/1994,32,G,78,"6'6""",223,32,Left,2012,3,75,83,82,82,80,82,80,82,80,70,82,82,80,80,83,85,80,84,85,84
1829,Keith,Petruzzelli,Keith Petruzzelli,UFA,,,0,0,0.000,0,0,0.000,0,0,0.000,0,0,0.000,0,0,0.000,ECHL,Reading Royals,73,02/09/1999,80,G,78,"6'6""",180,27,Left,N/A,N/A,N/A,79,81,80,77,80,77,81,80,70,80,80,81,80,80,84,85,83,84,81
1830,Yaniv,Perets,Yaniv Perets,UFA,,,0,0,0.000,0,0,0.000,0,0,0.000,0,0,0.000,0,0,0.000,ECHL,Reading Royals,70,03/04/2000,1,G,73,"6'1""",181,26,Left,N/A,N/A,N/A,78,78,78,77,78,76,79,80,65,78,70,78,79,78,83,85,80,83,77
1831,Evan,Cormier,Evan Cormier,UFA,,,0,0,0.000,0,0,0.000,0,0,0.000,0,0,0.000,0,0,0.000,ECHL,Savannah Ghost Pirates,72,11/06/1997,34,G,75,"6'3""",201,28,Left,2016,4,105,80,80,79,78,79,77,79,82,70,80,80,78,80,80,84,80,83,84,79
1832,Hunter,Jones,Hunter Jones,UFA,,,0,0,0.000,0,0,0.000,0,0,0.000,0,0,0.000,0,0,0.000,ECHL,Trois-Rivieres Lions,72,09/21/2000,29,G,77,"6'5""",204,25,Left,2019,2,59,81,81,79,76,79,75,79,80,70,80,81,78,79,81,84,85,80,84,81
1833,Tomas,Suchanek,Tomas Suchanek,UFA,,,0,0,0.000,0,0,0.000,0,0,0.000,0,0,0.000,0,0,0.000,ECHL,Tulsa Oilers,72,04/30/2003,1,G,73,"6'1""",180,23,Left,N/A,N/A,N/A,79,80,79,78,80,77,80,79,70,80,80,79,80,80,84,85,82,84,80
1834,Parker,Gahagen,Parker Gahagen,UFA,,,0,0,0.000,0,0,0.000,0,0,0.000,0,0,0.000,0,0,0.000,ECHL,Worcester Railers HC,73,05/17/1993,35,G,74,"6'2""",194,33,Left,N/A,N/A,N/A,78,83,81,80,79,79,78,77,81,79,78,79,80,82,84,80,77,85,82
1835,Magnus,Hellberg,Magnus Hellberg,Nevada Archers,2,"$2,000,000",0,0,0.000,2656,2443,0.920,0,0,0.000,0,0,0.000,2656,2443,0.920,SHL,Djugården Hockey,77,04/04/1991,35,G,78,"6'6""",220,35,Left,2011,2,38,83,80,81,84,83,83,83,81,82,81,81,83,82,87,84,81,81,86,82
1836,Lassi,Lehtinen,Lassi Lehtinen,UFA,,,0,0,0.000,0,0,0.000,0,0,0.000,0,0,0.000,0,0,0.000,SHL,HV71,75,02/25/1999,30,G,72,"6'0""",176,27,Left,N/A,N/A,N/A,76,85,84,77,85,73,85,77,81,77,79,85,80,74,84,88,85,81,77
1837,Felix,Sandström,Felix Sandström,UFA,,,0,0,0.000,76,73,0.961,0,0,0.000,0,0,0.000,76,73,0.961,SHL,HV71,73,01/12/1997,32,G,74,"6'2""",211,29,Left,2015,3,70,78,79,80,80,81,81,81,81,80,81,80,80,78,82,81,80,80,82,85
1838,Filip,Larsson,Filip Larsson,UFA,,,0,0,0.000,0,0,0.000,0,0,0.000,0,0,0.000,0,0,0.000,SHL,Leksands IF,73,08/17/1998,31,G,74,"6'2""",194,28,Left,2016,6,167,78,83,80,79,77,79,82,77,82,79,77,78,81,82,86,81,78,87,81
1839,Matteus,Ward,Matteus Ward,UFA,,,0,0,0.000,0,0,0.000,0,0,0.000,0,0,0.000,0,0,0.000,SHL,Luleå Hockey,76,07/03/2001,31,G,73,"6'1""",172,25,Left,N/A,N/A,N/A,81,77,82,84,83,76,83,75,75,77,74,83,83,85,90,84,80,90,80
1840,Arvid,Holm,Arvid Holm,Memphis Cannons,1,"$900,000",0,0,0.000,0,0,0.000,0,0,0.000,0,0,0.000,0,0,0.000,SHL,Rögle BK,79,11/03/1998,75,G,77,"6'5""",190,27,Left,2017,6,167,85,83,83,82,83,86,85,77,80,85,79,81,85,81,86,87,83,84,85
1841,Linus,Söderström,Linus Söderström,UFA,,,0,0,0.000,0,0,0.000,0,0,0.000,0,0,0.000,0,0,0.000,SHL,Skellefteå AIK,75,08/23/1996,32,G,76,"6'4""",194,30,Left,2014,4,95,79,83,85,77,84,73,83,77,77,73,75,84,81,80,89,86,83,87,78
1842,Strauss,Mann,Strauss Mann,UFA,,,0,0,0.000,0,0,0.000,0,0,0.000,0,0,0.000,0,0,0.000,SHL,Skellefteå AIK,72,08/18/1998,1,G,72,"6'0""",174,28,Left,N/A,N/A,N/A,80,81,79,77,80,78,79,80,70,79,80,78,78,82,87,80,82,86,80
1843,Tim,Juel,Tim Juel,UFA,,,0,0,0.000,0,0,0.000,0,0,0.000,0,0,0.000,0,0,0.000,SHL,Timrå IK,74,08/05/1994,31,G,72,"6'0""",194,32,Left,N/A,N/A,N/A,77,78,84,85,82,78,81,78,78,76,77,82,81,77,87,83,77,85,81
1844,Ludvig,Persson,Ludvig Persson,UFA,,,0,0,0.000,0,0,0.000,0,0,0.000,0,0,0.000,0,0,0.000,SHL,Växjö Lakers,73,10/06/1999,32,G,73,"6'1""",183,26,Left,N/A,N/A,N/A,78,84,82,84,80,75,78,76,85,76,74,78,80,81,85,80,74,82,79
1845,Niko,Hovinen,Niko Hovinen,UFA,,,0,0,0.000,0,0,0.000,0,0,0.000,0,0,0.000,0,0,0.000,LIIGA,Helsingin IFK,72,03/16/1988,92,G,79,"6'7""",225,38,Left,2006,5,132,79,79,78,80,82,80,81,78,76,75,75,80,80,72,79,77,77,78,79
1846,Oskari,Salminen,Oskari Salminen,UFA,,,0,0,0.000,0,0,0.000,0,0,0.000,0,0,0.000,0,0,0.000,LIIGA,JYP Jyväskylä,74,09/22/1999,34,G,77,"6'5""",214,26,Left,N/A,N/A,N/A,80,80,82,79,81,79,82,80,70,81,82,80,81,80,84,85,82,84,80
1847,Petteri,Rimpinen,Petteri Rimpinen,Detroit Motors,2,"$900,000",0,0,0.000,0,0,0.000,0,0,0.000,0,0,0.000,0,0,0.000,LIIGA,Kiekko-Espoo,71,04/25/2006,30,G,72,"6'0""",176,20,Left,2025,5,152,80,78,80,78,80,78,81,72,75,74,80,80,80,74,82,80,75,82,75
1848,Jan,Bednar,Jan Bednar,UFA,,,0,0,0.000,0,0,0.000,0,0,0.000,0,0,0.000,0,0,0.000,LIIGA,Porin Ässät,71,08/26/2002,30,G,76,"6'4""",196,24,Left,2020,4,107,79,78,78,77,79,76,79,80,70,80,80,79,79,78,83,80,82,83,79
1849,Filip,Lindberg,Filip Lindberg,UFA,,,0,0,0.000,0,0,0.000,0,0,0.000,0,0,0.000,0,0,0.000,LIIGA,Porin Ässät,70,01/31/1999,39,G,73,"6'1""",188,27,Left,2019,7,197,78,78,79,76,78,77,78,82,70,81,82,77,78,80,84,80,80,84,80
1850,Antti,Raanta,Antti Raanta,Richmond Robbers,3,"$1,500,000",11,10,0.909,2587,2359,0.912,2516,2277,0.905,902,804,0.891,6016,5450,0.906,LIIGA,Rauman Lukko,80,05/12/1989,32,G,72,"6'0""",195,37,Left,N/A,N/A,N/A,85,85,85,83,85,83,85,83,80,82,83,85,85,85,85,75,83,85,85
1851,Dominik,Pavlát,Dominik Pavlát,UFA,,,0,0,0.000,0,0,0.000,0,0,0.000,0,0,0.000,0,0,0.000,LIIGA,Tampereen Ilves,70,11/11/1999,39,G,74,"6'2""",176,26,Left,N/A,N/A,N/A,77,78,78,79,79,78,79,76,78,76,76,77,78,76,80,76,78,81,79
1852,Juha,Metsola,Juha Metsola,UFA,,,0,0,0.000,0,0,0.000,0,0,0.000,0,0,0.000,0,0,0.000,LIIGA,Tappara Tampere,75,02/24/1989,77,G,69,"5'9""",150,37,Left,N/A,N/A,N/A,84,84,76,79,81,81,80,80,80,80,80,86,81,80,81,86,84,84,80
1853,Eetu,Mäkiniemi,Eetu Mäkiniemi,UFA,,,0,0,0.000,0,0,0.000,0,0,0.000,0,0,0.000,0,0,0.000,LIIGA,Turku TPS,75,04/19/1999,36,G,74,"6'2""",184,27,Left,2017,4,104,81,81,81,80,81,80,81,84,70,84,80,80,80,83,87,85,85,87,83
1854,Maximilian,Franzreb,Maximilian Franzreb,UFA,,,0,0,0.000,0,0,0.000,0,0,0.000,0,0,0.000,0,0,0.000,DEL,Adler Mannheim,71,08/18/1996,56,G,72,"6'0""",216,30,Left,N/A,N/A,N/A,80,78,79,78,77,77,80,80,74,78,79,80,80,77,78,80,80,79,75
1855,Michael,Garteig,Michael Garteig,UFA,,,0,0,0.000,0,0,0.000,0,0,0.000,0,0,0.000,0,0,0.000,DEL,Augsburger Panther,73,11/05/1991,34,G,73,"6'1""",190,34,Left,N/A,N/A,N/A,81,78,81,79,81,79,82,80,70,79,80,79,80,73,84,80,82,84,73
1856,Jussi,Olkinuora,Jussi Olkinuora,UFA,,,0,0,0.000,0,0,0.000,0,0,0.000,0,0,0.000,0,0,0.000,DEL,Dresden Eislowen,70,11/04/1990,45,G,75,"6'3""",205,35,Left,N/A,N/A,N/A,78,81,77,75,78,77,78,78,70,78,78,78,80,80,82,80,82,82,81
1857,Mathias,Niederberger,Mathias Niederberger,UFA,,,0,0,0.000,0,0,0.000,0,0,0.000,0,0,0.000,0,0,0.000,DEL,EHC Red Bull München,71,11/26/1992,35,G,71,"5'11""",176,33,Left,N/A,N/A,N/A,80,77,82,79,80,79,80,80,71,79,77,78,81,71,80,80,77,82,72
1858,Kristers,Gudlevskis,Kristers Gudlevskis,UFA,,,0,0,0.000,0,0,0.000,0,0,0.000,0,0,0.000,0,0,0.000,DEL,Fischtown Pinguins Bremerhaven,73,07/31/1992,30,G,76,"6'4""",214,34,Left,2013,5,124,76,77,80,81,83,79,81,82,75,80,81,76,83,80,85,82,80,85,80
1859,Julius,Hudacek,Julius Hudacek,UFA,,,0,0,0.000,0,0,0.000,0,0,0.000,0,0,0.000,0,0,0.000,DEL,Fischtown Pinguins Bremerhaven,71,08/09/1988,33,G,72,"6'0""",191,38,Right,N/A,N/A,N/A,80,82,80,76,82,78,74,73,73,74,74,80,77,74,82,82,82,78,76
1860,Dustin,Strahlmeier,Dustin Strahlmeier,UFA,,,0,0,0.000,0,0,0.000,0,0,0.000,0,0,0.000,0,0,0.000,DEL,Grizzlys Wolfsburg,71,05/17/1992,1,G,76,"6'4""",192,34,Left,N/A,N/A,N/A,80,79,78,77,80,79,80,78,79,79,77,79,78,78,83,79,79,82,77
1861,Janne,Juvonen,Janne Juvonen,UFA,,,0,0,0.000,0,0,0.000,0,0,0.000,0,0,0.000,0,0,0.000,DEL,Kölner Haie,72,10/03/1994,30,G,73,"6'1""",187,31,Left,2013,7,203,80,77,81,78,77,78,78,83,70,81,80,81,80,79,81,81,82,83,80
1862,Tobias,Ancicka,Tobias Ancicka,UFA,,,0,0,0.000,0,0,0.000,0,0,0.000,0,0,0.000,0,0,0.000,DEL,Kölner Haie,70,02/27/2001,45,G,73,"6'1""",181,25,Left,N/A,N/A,N/A,78,76,78,79,80,80,78,76,65,78,75,78,80,70,78,80,80,79,74
1863,Joacim,Eriksson,Joacim Eriksson,UFA,,,0,0,0.000,0,0,0.000,0,0,0.000,0,0,0.000,0,0,0.000,DEL,Schwenninger Wild Wings,73,04/09/1990,60,G,73,"6'1""",190,36,Right,2008,7,196,80,81,78,78,81,77,78,79,80,81,80,82,80,79,81,85,80,82,82
1864,Henrik,Haukeland,Henrik Haukeland,UFA,,,0,0,0.000,0,0,0.000,0,0,0.000,0,0,0.000,0,0,0.000,DEL,Straubing Tigers,71,12/06/1994,40,G,74,"6'2""",205,31,Left,N/A,N/A,N/A,79,80,78,79,78,80,80,77,80,78,75,78,79,76,79,78,85,82,79
1865,Dominik,Furch,Dominik Furch,UFA,,,0,0,0.000,0,0,0.000,0,0,0.000,0,0,0.000,0,0,0.000,ELH,BK Mladá Boleslav,74,04/19/1990,38,G,74,"6'2""",207,36,Left,N/A,N/A,N/A,79,80,80,81,80,82,80,79,77,78,79,79,82,80,81,80,85,83,80
1866,Petr,Kvaca,Petr Kvaca,UFA,,,0,0,0.000,0,0,0.000,0,0,0.000,0,0,0.000,0,0,0.000,ELH,Bílí Tygři Liberec,73,09/12/1997,60,G,73,"6'1""",174,28,Left,2017,4,114,81,75,82,80,80,79,78,77,78,80,75,82,81,76,84,80,83,83,78
1867,Malcolm,Subban,Malcolm Subban,Kansas City Metrostars,2,"$1,500,000",14,13,0.929,54,50,0.926,53,47,0.887,892,805,0.902,1013,915,0.903,ELH,HC Dynamo Pardubice,80,12/21/1993,30,G,74,"6'2""",215,32,Left,2012,1,24,83,84,84,84,86,82,84,84,80,85,84,83,84,85,89,85,85,89,86
1868,Roman,Will,Roman Will,UFA,,,0,0,0.000,0,0,0.000,0,0,0.000,0,0,0.000,0,0,0.000,ELH,HC Dynamo Pardubice,73,05/22/1992,22,G,73,"6'1""",198,34,Left,N/A,N/A,N/A,80,80,82,82,80,79,81,81,77,77,79,78,80,74,81,79,79,81,78
1869,Dominik,Frodl,Dominik Frodl,UFA,,,0,0,0.000,0,0,0.000,0,0,0.000,0,0,0.000,0,0,0.000,ELH,HC Energie Karlovy Vary,73,04/16/1996,44,G,72,"6'0""",172,30,Left,N/A,N/A,N/A,80,79,80,82,82,79,78,77,78,78,79,81,78,77,83,80,81,82,80
1870,Ales,Stezka,Ales Stezka,UFA,,,0,0,0.000,0,0,0.000,0,0,0.000,0,0,0.000,0,0,0.000,ELH,HC Kometa Brno,75,01/06/1997,30,G,76,"6'4""",190,29,Left,2015,4,111,82,82,82,79,82,79,82,77,70,80,80,82,79,80,83,85,83,83,80
1871,Marek,Mazanec,Marek Mazanec,UFA,,,0,0,0.000,0,0,0.000,0,0,0.000,0,0,0.000,0,0,0.000,ELH,HC Oceláři Třinec,73,07/18/1991,2,G,76,"6'4""",187,35,Right,2012,6,179,80,78,78,81,81,83,81,81,70,79,79,78,80,81,84,80,82,83,80
1872,Ondrej,Kacetl,Ondrej Kacetl,UFA,,,0,0,0.000,0,0,0.000,0,0,0.000,0,0,0.000,0,0,0.000,ELH,HC Oceláři Třinec,70,10/15/1990,90,G,72,"6'0""",165,35,Left,N/A,N/A,N/A,79,80,76,78,79,80,79,76,75,77,80,78,77,77,79,79,76,77,80
1873,Josef,Korenar,Josef Korenar,UFA,,,0,0,0.000,0,0,0.000,0,0,0.000,0,0,0.000,0,0,0.000,ELH,HC Sparta Praha,75,01/31/1998,32,G,73,"6'1""",185,28,Left,N/A,N/A,N/A,79,75,82,83,83,82,79,74,76,81,77,82,82,78,84,85,81,83,81
1874,Jakub,Kovar,Jakub Kovar,UFA,,,0,0,0.000,0,0,0.000,0,0,0.000,0,0,0.000,0,0,0.000,ELH,HC Sparta Praha,71,07/19/1988,43,G,74,"6'2""",207,38,Left,2006,4,109,82,83,75,78,79,78,79,72,81,83,81,81,77,79,77,84,79,78,80
1875,Pavel,Cajan,Pavel Cajan,Fort Worth Defenders,2,"$900,000",0,0,0.000,0,0,0.000,0,0,0.000,0,0,0.000,0,0,0.000,ELH,HC Verva Litvinov,72,10/13/2002,30,G,74,"6'2""",176,23,Left,N/A,N/A,N/A,79,80,80,76,80,77,80,81,70,81,81,79,81,80,83,85,81,83,80
1876,Matej,Tomek,Matej Tomek,UFA,,,0,0,0.000,0,0,0.000,0,0,0.000,0,0,0.000,0,0,0.000,ELH,HC Verva Litvinov,70,05/24/1997,42,G,75,"6'3""",181,29,Left,N/A,N/A,N/A,81,76,80,78,80,78,77,75,69,79,72,79,79,75,78,73,77,80,77
1877,Lukas,Klimes,Lukas Klimes,UFA,,,0,0,0.000,0,0,0.000,0,0,0.000,0,0,0.000,0,0,0.000,ELH,HC Vítkovice Ridera,71,07/14/1994,33,G,73,"6'1""",176,32,Left,N/A,N/A,N/A,80,81,77,79,79,78,79,75,80,81,78,78,79,76,81,79,80,81,80
1878,Stanislav,Skorvanek,Stanislav Skorvanek,UFA,,,0,0,0.000,0,0,0.000,0,0,0.000,0,0,0.000,0,0,0.000,ELH,Mountfield HK,73,01/31/1996,31,G,74,"6'2""",192,30,Left,N/A,N/A,N/A,79,72,79,83,82,82,82,79,75,78,75,79,83,75,82,85,77,82,76
1879,Oscar,Dansk,Oscar Dansk,UFA,,,0,0,0.000,0,0,0.000,0,0,0.000,0,0,0.000,0,0,0.000,ELH,Rytíři Kladno,75,02/28/1994,30,G,75,"6'3""",204,32,Left,2012,2,31,81,81,82,81,83,80,82,80,70,83,80,80,82,81,84,80,82,84,81
1880,Harri,Sateri,Harri Sateri,Las Vegas Vipers,1,"$15,000,000",0,0,0.000,0,0,0.000,0,0,0.000,0,0,0.000,0,0,0.000,NL,EHC Biel-Bienne,77,12/29/1989,35,G,73,"6'1""",205,36,Left,2008,4,106,85,83,82,81,83,81,80,83,75,82,77,83,82,84,82,85,85,84,84
1881,Ludovic,Waeber,Ludovic Waeber,UFA,,,0,0,0.000,0,0,0.000,0,0,0.000,0,0,0.000,0,0,0.000,NL,EHC Kloten,71,08/19/1996,35,G,73,"6'1""",175,30,Left,N/A,N/A,N/A,80,76,78,79,80,75,78,76,80,72,78,79,77,81,83,81,84,83,78
1882,Leonardo,Genoni,Leonardo Genoni,UFA,,,0,0,0.000,0,0,0.000,0,0,0.000,0,0,0.000,0,0,0.000,NL,EV Zug,76,08/28/1987,30,G,72,"6'0""",183,39,Left,N/A,N/A,N/A,84,83,77,82,82,81,82,80,80,80,79,81,84,80,84,86,84,84,80
1883,Stéphane,Charlin,Stéphane Charlin,UFA,,,0,0,0.000,0,0,0.000,0,0,0.000,0,0,0.000,0,0,0.000,NL,Geneve-Servette HC,71,08/30/2000,38,G,75,"6'3""",183,26,Left,N/A,N/A,N/A,79,75,82,80,78,80,78,81,80,79,80,77,78,78,83,82,77,83,81
1884,Robert,Mayer,Robert Mayer,UFA,,,0,0,0.000,0,0,0.000,0,0,0.000,0,0,0.000,0,0,0.000,NL,Geneve-Servette HC,71,10/09/1989,29,G,73,"6'1""",201,36,Left,N/A,N/A,N/A,78,79,79,80,81,80,78,79,70,79,80,79,76,81,79,79,78,80,81
1885,Damiano,Ciaccio,Damiano Ciaccio,UFA,,,0,0,0.000,0,0,0.000,0,0,0.000,0,0,0.000,0,0,0.000,NL,HC Ajoie,70,02/10/1989,40,G,75,"6'3""",196,37,Left,N/A,N/A,N/A,79,76,78,80,79,77,76,77,77,78,80,78,79,79,79,84,78,82,78
1886,Benjamin,Conz,Benjamin Conz,UFA,,,0,0,0.000,0,0,0.000,0,0,0.000,0,0,0.000,0,0,0.000,NL,HC Ajoie,70,09/13/1991,1,G,70,"5'10""",205,34,Right,N/A,N/A,N/A,78,78,76,77,79,78,78,76,80,77,79,76,78,79,81,76,85,81,78
1887,Philip,Wüthrich,Philip Wüthrich,UFA,,,0,0,0.000,0,0,0.000,0,0,0.000,0,0,0.000,0,0,0.000,NL,HC Ambri-Piotta,71,01/17/1998,31,G,72,"6'0""",168,28,Left,N/A,N/A,N/A,79,76,80,80,80,76,79,80,76,76,79,78,78,78,79,81,82,83,79
1888,Sandro,Aeschlimann,Sandro Aeschlimann,UFA,,,0,0,0.000,0,0,0.000,0,0,0.000,0,0,0.000,0,0,0.000,NL,HC Davos,76,12/26/1994,29,G,72,"6'0""",192,31,Left,N/A,N/A,N/A,80,81,83,81,82,83,82,82,80,81,81,82,83,79,83,83,82,84,84
1889,Reto,Berra,Reto Berra,UFA,,,0,0,0.000,0,0,0.000,0,0,0.000,0,0,0.000,0,0,0.000,NL,HC Fribourg-Gotteron,76,01/03/1987,20,G,76,"6'4""",218,39,Left,2006,4,106,81,80,84,83,83,81,83,82,82,80,81,82,82,78,81,79,82,83,80
1890,Niklas,Schlegel,Niklas Schlegel,UFA,,,0,0,0.000,0,0,0.000,0,0,0.000,0,0,0.000,0,0,0.000,NL,HC Lugano,74,08/03/1994,34,G,70,"5'10""",165,32,Left,N/A,N/A,N/A,79,79,81,79,81,80,78,82,80,80,79,83,80,81,82,87,83,81,78
1891,Joren,van Pottelberghe,Joren van Pottelberghe,UFA,,,0,0,0.000,0,0,0.000,0,0,0.000,0,0,0.000,0,0,0.000,NL,HC Lugano,71,06/05/1997,37,G,74,"6'2""",194,29,Left,2015,4,110,77,79,79,79,80,79,79,81,70,81,80,77,78,81,83,80,83,83,82
1892,Connor,Hughes,Connor Hughes,UFA,,,0,0,0.000,0,0,0.000,0,0,0.000,0,0,0.000,0,0,0.000,NL,Lausanne HC,71,09/10/1996,31,G,76,"6'4""",225,29,Left,N/A,N/A,N/A,76,78,80,79,80,78,79,78,78,77,78,79,79,77,81,84,80,80,77
1893,Melvin,Nyffeler,Melvin Nyffeler,UFA,,,0,0,0.000,0,0,0.000,0,0,0.000,0,0,0.000,0,0,0.000,NL,Rapperswil-Jona Lakers,75,12/16/1994,60,G,70,"5'10""",185,31,Left,N/A,N/A,N/A,82,81,78,84,81,81,79,82,82,78,79,82,79,82,81,83,85,83,78
1894,Adam,Reideborn,Adam Reideborn,UFA,,,0,0,0.000,0,0,0.000,0,0,0.000,0,0,0.000,0,0,0.000,NL,SC Bern,76,01/18/1992,36,G,72,"6'0""",179,34,Left,N/A,N/A,N/A,83,84,76,82,82,83,78,81,80,82,80,86,83,80,82,86,82,81,80
1895,Luca,Boltshauser,Luca Boltshauser,UFA,,,0,0,0.000,0,0,0.000,0,0,0.000,0,0,0.000,0,0,0.000,NL,SCL Tigers,71,07/17/1993,39,G,72,"6'0""",190,33,Left,N/A,N/A,N/A,75,77,80,79,80,81,80,77,77,75,78,78,79,76,81,84,80,81,77
1896,Simon,Hrubec,Simon Hrubec,Cincinnati Thunderbolts,1,"$900,000",0,0,0.000,0,0,0.000,0,0,0.000,0,0,0.000,0,0,0.000,NL,ZSC Lions,78,06/30/1991,32,G,73,"6'1""",192,35,Left,N/A,N/A,N/A,83,85,78,83,85,82,83,82,82,82,79,85,84,80,85,86,86,84,82
1897,Atte,Tolvanen,Atte Tolvanen,UFA,,,0,0,0.000,0,0,0.000,0,0,0.000,0,0,0.000,0,0,0.000,IHL,EC Red Bull Salzburg,70,11/23/1994,35,G,72,"6'0""",187,31,Left,N/A,N/A,N/A,77,76,79,77,78,78,79,80,70,79,80,77,82,78,83,80,81,83,78
1898,Sebastian,Dahm,Sebastian Dahm,UFA,,,0,0,0.000,0,0,0.000,0,0,0.000,0,0,0.000,0,0,0.000,IHL,EC-KAC,71,02/28/1987,32,G,72,"6'0""",183,39,Left,N/A,N/A,N/A,77,81,79,82,75,77,80,75,79,76,72,77,79,75,84,79,79,83,78
1899,Max,Lagace,Max Lagace,UFA,,,0,0,0.000,0,0,0.000,0,0,0.000,0,0,0.000,0,0,0.000,IHL,Moser Medical Graz 99ers,75,01/12/1993,33,G,75,"6'3""",204,33,Left,N/A,N/A,N/A,83,83,80,80,80,80,80,80,70,80,80,80,81,83,85,85,84,85,84
1900,Dustin,Tokarski,Dustin Tokarski,UFA,,,0,0,0.000,0,0,0.000,0,0,0.000,0,0,0.000,0,0,0.000,IHL,Olimpija Ljubljana,76,09/16/1989,47,G,72,"6'0""",198,36,Left,2008,5,122,84,80,82,83,82,85,82,84,81,84,82,82,81,85,80,80,80,81,83
1901,Collin,Delia,Collin Delia,UFA,,,0,0,0.000,0,0,0.000,0,0,0.000,0,0,0.000,0,0,0.000,HAS,Kalmar HC,75,06/20/1994,61,G,74,"6'2""",208,32,Left,N/A,N/A,N/A,81,80,80,82,82,84,82,81,88,80,81,80,81,82,82,82,82,83,82
1902,Carter,George,Carter George,UFA,,,0,0,0.000,0,0,0.000,0,0,0.000,0,0,0.000,0,0,0.000,OHL,Soo Greyhounds,71,05/20/2006,32,G,74,"6'2""",195,20,Left,2024,2,57,78,76,79,74,80,78,79,79,77,74,78,81,80,74,88,84,76,88,76
1903,Martin,Jones,Martin Jones,Honolulu Hawks,1,"$2,000,000",9,7,0.778,40,39,0.975,91,78,0.857,889,789,0.888,1029,913,0.887,UFA,Not Applicable,81,01/10/1990,31,G,76,"6'4""",203,36,Left,N/A,N/A,N/A,85,86,85,84,86,84,85,85,80,85,85,85,86,85,85,85,83,85,85
1904,Michael,Hutchinson,Michael Hutchinson,New York Steamrollers,2,"$2,000,000",0,0,0.000,0,0,0.000,0,0,0.000,0,0,0.000,0,0,0.000,UFA,Not Applicable,76,03/02/1990,26,G,75,"6'3""",192,36,Right,2008,3,77,85,84,82,80,83,80,83,80,75,83,85,80,80,85,84,85,80,84,85
1905,Jack,Campbell,Jack Campbell,Portland Sea Lions,3,"$900,000",1558,1406,0.902,2495,2290,0.918,0,0,0.000,1024,924,0.902,5077,4620,0.910,UFA,Not Applicable,76,01/09/1992,31,G,75,"6'3""",200,34,Left,2010,1,11,83,80,81,82,83,84,82,81,82,81,82,82,81,81,80,81,81,81,85
1906,Jean-Francois,Berube,Jean-Francois Berube,Charleston Tsunami,1,"$900,000",0,0,0.000,0,0,0.000,0,0,0.000,0,0,0.000,0,0,0.000,UFA,Not Applicable,75,07/13/1991,35,G,73,"6'1""",176,35,Left,2009,4,95,82,82,81,80,82,78,81,80,70,80,81,81,81,82,84,85,80,84,82
1907,Michael,Houser,Michael Houser,UFA,,,0,0,0.000,0,0,0.000,0,0,0.000,0,0,0.000,0,0,0.000,UFA,Not Applicable,75,09/13/1992,29,G,73,"6'1""",185,33,Left,N/A,N/A,N/A,81,83,81,78,81,77,81,80,75,80,80,82,81,82,85,85,83,85,82
1908,Troy,Grosenick,Troy Grosenick,UFA,,,0,0,0.000,0,0,0.000,0,0,0.000,0,0,0.000,0,0,0.000,UFA,Not Applicable,75,08/27/1989,1,G,73,"6'1""",181,37,Left,N/A,N/A,N/A,81,80,82,80,82,80,82,82,70,82,82,81,83,80,84,85,83,84,80
1909,Mack,Guzda,Mack Guzda,Iowa Rebels,1,"$950,000",0,0,0.000,0,0,0.000,0,0,0.000,0,0,0.000,0,0,0.000,UFA,Not Applicable,75,01/11/2001,26,G,77,"6'5""",215,25,Left,N/A,N/A,N/A,82,81,81,78,81,78,82,80,70,80,80,82,82,82,83,85,83,83,82