Player,AVHL ID,22-23 SA,22-23 SV,22-23 SV%,23-24 SA,23-24 SV,23-24 SV%,24-25 SA,24-25 SV,24-25 SV%,25-26 SA,25-26 SV,25-26 SV%,Total SA,Total SV,Career SV%
Lukas Dostal,1696,0,0,0.000,37,29,0.784,36,32,0.889,760,686,0.903,833,747,0.897
Petr Mrazek,1697,0,0,0.000,82,74,0.902,96,85,0.885,677,609,0.900,855,768,0.898
Ville Husso,1698,16,15,0.938,2444,2196,0.899,58,50,0.862,1131,1037,0.917,3649,3298,0.904
Jeremy Swayman,1699,1488,1321,0.888,2568,2335,0.909,2632,2413,0.917,1751,1595,0.911,8439,7664,0.908
Joonas Korpisalo,1700,0,0,0.000,2485,2277,0.916,0,0,0.000,1357,1225,0.903,3842,3502,0.912
Alex Lyon,1701,0,0,0.000,0,0,0.000,139,127,0.914,1740,1555,0.894,1879,1682,0.895
Ukko-Pekka Luukkonen,1702,0,0,0.000,62,57,0.919,2554,2319,0.908,1761,1598,0.907,4377,3974,0.908
Dustin Wolf,1704,0,0,0.000,0,0,0.000,84,75,0.893,1585,1449,0.914,1669,1524,0.913
Frederik Andersen,1707,1579,1442,0.913,2625,2406,0.917,2743,2515,0.917,1909,1736,0.909,8856,8099,0.915
Pyotr Kochetkov,1708,0,0,0.000,0,0,0.000,2700,2461,0.911,1480,1351,0.913,4180,3812,0.912
Spencer Knight,1709,1530,1380,0.902,2521,2299,0.912,2515,2282,0.907,1383,1218,0.881,7949,7179,0.903
Arvid Söderblom,1710,0,0,0.000,73,68,0.932,0,0,0.000,1618,1487,0.919,1691,1555,0.920
Mackenzie Blackwood,1711,1624,1465,0.902,2555,2339,0.915,2633,2374,0.902,1721,1551,0.901,8533,7729,0.906
Scott Wedgewood,1712,0,0,0.000,101,90,0.891,48,42,0.875,893,814,0.912,1042,946,0.908
Jet Greaves,1713,0,0,0.000,0,0,0.000,0,0,0.000,923,822,0.891,923,822,0.891
Elvis Merzlikins,1714,1494,1329,0.890,2412,2191,0.908,2634,2435,0.924,1705,1542,0.904,8245,7497,0.909
Jake Oettinger,1715,1518,1345,0.886,2693,2461,0.914,2733,2496,0.913,1729,1585,0.917,8673,7887,0.909
Casey DeSmith,1716,0,0,0.000,92,83,0.902,2579,2350,0.911,1965,1795,0.913,4636,4228,0.912
John Gibson,1717,1499,1346,0.898,2559,2339,0.914,2590,2343,0.905,1844,1688,0.915,8492,7716,0.909
Cam Talbot,1718,0,0,0.000,2504,2265,0.905,124,116,0.935,953,876,0.919,3581,3257,0.910
Tristan Jarry,1719,0,0,0.000,114,99,0.868,2624,2413,0.920,874,803,0.919,3612,3315,0.918
Connor Ingram,1720,0,0,0.000,96,89,0.927,2648,2447,0.924,1127,1013,0.899,3871,3549,0.917
Sergei Bobrovsky,1721,1527,1366,0.895,2572,2351,0.914,2485,2255,0.907,1695,1540,0.909,8279,7512,0.907
Daniil Tarasov,1722,0,0,0.000,21,20,0.952,110,98,0.891,0,0,0.000,131,118,0.901
Darcy Kuemper,1723,1558,1417,0.909,2508,2286,0.911,2533,2294,0.906,1625,1476,0.908,8224,7473,0.909
Anton Forsberg,1724,0,0,0.000,11,11,1.000,27,24,0.889,795,714,0.898,833,749,0.899
Filip Gustavsson,1725,0,0,0.000,124,114,0.919,11,11,1.000,1513,1391,0.919,1648,1516,0.920
Jesper Wallstedt,1726,0,0,0.000,0,0,0.000,121,105,0.868,1715,1524,0.889,1836,1629,0.887
Samuel Montembeault,1727,3,3,1.000,93,84,0.903,47,43,0.915,804,729,0.907,947,859,0.907
Juuse Saros,1730,1453,1305,0.898,2464,2264,0.919,2459,2242,0.912,1604,1450,0.904,7980,7261,0.910
Justus Annunen,1731,0,0,0.000,0,0,0.000,71,65,0.915,1003,913,0.910,1074,978,0.911
Jacob Markstrom,1732,1663,1508,0.907,2514,2302,0.916,2663,2419,0.908,1670,1517,0.908,8510,7746,0.910
Jake Allen,1733,0,0,0.000,2517,2297,0.913,103,92,0.893,923,843,0.913,3543,3232,0.912
Ilya Sorokin,1734,1493,1312,0.879,2561,2315,0.904,2426,2216,0.913,1276,1184,0.928,7756,7027,0.906
Semyon Varlamov,1735,1533,1377,0.898,2487,2256,0.907,2643,2398,0.907,1806,1614,0.894,8469,7645,0.903
David Rittich,1736,10,8,0.800,2487,2265,0.911,2533,2307,0.911,743,666,0.896,5773,5246,0.909
Igor Shesterkin,1737,1501,1326,0.883,2530,2305,0.911,2491,2240,0.899,1550,1422,0.917,8072,7293,0.903
Jonathan Quick,1738,0,0,0.000,2410,2176,0.903,84,75,0.893,1636,1470,0.899,4130,3721,0.901
Linus Ullmark,1739,1482,1329,0.897,2547,2339,0.918,2703,2460,0.910,1590,1442,0.907,8322,7570,0.910
James Reimer,1740,19,18,0.947,2545,2336,0.918,23,22,0.957,1037,920,0.887,3624,3296,0.909
Dan Vladar,1741,2,2,1.000,0,0,0.000,59,54,0.915,939,844,0.899,1000,900,0.900
Samuel Ersson,1742,0,0,0.000,0,0,0.000,54,50,0.926,718,661,0.921,772,711,0.921
Arturs Silovs,1743,0,0,0.000,0,0,0.000,93,86,0.925,1077,964,0.895,1170,1050,0.897
Stuart Skinner,1744,0,0,0.000,0,0,0.000,2512,2289,0.911,1613,1450,0.899,4125,3739,0.906
Yaroslav Askarov,1745,0,0,0.000,0,0,0.000,2441,2218,0.909,603,544,0.902,3044,2762,0.907
Alex Nedeljkovic,1746,1623,1471,0.906,2592,2380,0.918,102,97,0.951,751,688,0.916,5068,4636,0.915
Carey Price,1747,1565,1424,0.910,92,83,0.902,0,0,0.000,0,0,0.000,1657,1507,0.909
Joey Daccord,1748,0,0,0.000,106,96,0.906,22,19,0.864,1220,1113,0.912,1348,1228,0.911
Philipp Grubauer,1749,1513,1374,0.908,2514,2269,0.903,2525,2279,0.903,903,811,0.898,7455,6733,0.903
Matt Murray,1750,0,0,0.000,0,0,0.000,0,0,0.000,907,795,0.877,907,795,0.877
Jordan Binnington,1751,4,2,0.500,2454,2240,0.913,2504,2304,0.920,1696,1545,0.911,6658,6091,0.915
Joel Hofer,1752,0,0,0.000,0,0,0.000,62,57,0.919,769,698,0.908,831,755,0.909
Andrei Vasilevskiy,1753,1488,1323,0.889,2481,2278,0.918,2738,2529,0.924,1578,1454,0.921,8285,7584,0.915
Jonas Johansson,1754,0,0,0.000,0,0,0.000,76,66,0.868,775,705,0.910,851,771,0.906
Joseph Woll,1755,0,0,0.000,2531,2313,0.914,2642,2419,0.916,1446,1313,0.908,6619,6045,0.913
Anthony Stolarz,1756,15,13,0.867,2539,2306,0.908,2432,2224,0.914,1486,1352,0.910,6472,5895,0.911
Karel Vejmelka,1758,0,0,0.000,28,26,0.929,0,0,0.000,747,686,0.918,775,712,0.919
Vitek Vanecek,1759,7,7,1.000,2494,2288,0.917,57,52,0.912,798,720,0.902,3356,3067,0.914
Thatcher Demko,1760,1530,1391,0.909,2437,2230,0.915,2606,2367,0.908,1728,1551,0.898,8301,7539,0.908
Kevin Lankinen,1761,3,2,0.667,19,17,0.895,54,47,0.870,935,855,0.914,1011,921,0.911
Adin Hill,1763,0,0,0.000,2543,2307,0.907,2552,2318,0.908,946,845,0.893,6041,5470,0.905
Carter Hart,1764,1598,1435,0.898,2457,2244,0.913,2702,2450,0.907,1546,1391,0.900,8303,7520,0.906
Akira Schmid,1765,0,0,0.000,0,0,0.000,43,39,0.907,1604,1434,0.894,1647,1473,0.894
Logan Thompson,1766,0,0,0.000,2510,2280,0.908,2428,2237,0.921,1753,1602,0.914,6691,6119,0.915
Charlie Lindgren,1767,7,4,0.571,39,35,0.897,2549,2320,0.910,1733,1562,0.901,4328,3921,0.906
Connor Hellebuyck,1768,1594,1463,0.918,2578,2331,0.904,2532,2323,0.917,1510,1379,0.913,8214,7496,0.913
Eric Comrie,1769,11,10,0.909,33,31,0.939,0,0,0.000,1665,1504,0.903,1709,1545,0.904
Calvin Pickard,1771,0,0,0.000,46,39,0.848,0,0,0.000,0,0,0.000,46,39,0.848
Leevi Meriläinen,1773,0,0,0.000,0,0,0.000,0,0,0.000,942,837,0.889,942,837,0.889
Ivan Prosvetov,1776,0,0,0.000,63,56,0.889,0,0,0.000,0,0,0.000,63,56,0.889
Cayden Primeau,1782,0,0,0.000,2516,2286,0.909,81,74,0.914,0,0,0.000,2597,2360,0.909
Ivan Fedotov,1783,0,0,0.000,0,0,0.000,123,112,0.911,917,833,0.908,1040,945,0.909
Cal Petersen,1794,1592,1406,0.883,2516,2298,0.913,0,0,0.000,0,0,0.000,4108,3704,0.902
Kaapo Kähkönen,1796,10,7,0.700,2456,2276,0.927,28,24,0.857,942,846,0.898,3436,3153,0.918
Phoenix Copley,1803,3,3,1.000,2586,2375,0.918,0,0,0.000,0,0,0.000,2589,2378,0.919
Michael DiPietro,1805,0,0,0.000,76,69,0.908,0,0,0.000,0,0,0.000,76,69,0.908
Devon Levi,1806,0,0,0.000,0,0,0.000,68,65,0.956,1027,930,0.906,1095,995,0.909
Laurent Brossoit,1810,0,0,0.000,31,26,0.839,89,84,0.944,905,793,0.876,1025,903,0.881
Nico Daws,1821,26,26,1.000,0,0,0.000,168,145,0.863,0,0,0.000,194,171,0.881
Joel Blomqvist,1822,0,0,0.000,33,27,0.818,0,0,0.000,775,704,0.908,808,731,0.905
Jon Gillies,1828,0,0,0.000,66,59,0.894,0,0,0.000,0,0,0.000,66,59,0.894
Magnus Hellberg,1835,0,0,0.000,2656,2443,0.920,0,0,0.000,0,0,0.000,2656,2443,0.920
Felix Sandström,1837,0,0,0.000,76,73,0.961,0,0,0.000,0,0,0.000,76,73,0.961
Antti Raanta,1850,11,10,0.909,2587,2359,0.912,2516,2277,0.905,902,804,0.891,6016,5450,0.906
Malcolm Subban,1867,14,13,0.929,54,50,0.926,53,47,0.887,892,805,0.902,1013,915,0.903
Martin Jones,1903,9,7,0.778,40,39,0.975,91,78,0.857,889,789,0.888,1029,913,0.887
Jack Campbell,1905,1558,1406,0.902,2495,2290,0.918,0,0,0.000,1024,924,0.902,5077,4620,0.910
Marc-Andre Fleury,2063,1562,1391,0.891,2697,2449,0.908,2679,2453,0.916,1777,1620,0.912,8715,7913,0.908
Chris Driedger,2064,1613,1464,0.908,2464,2223,0.902,2725,2468,0.906,1851,1675,0.905,8653,7830,0.905
Robin Lehner,2065,1611,1459,0.906,2504,2269,0.906,2705,2484,0.918,0,0,0.000,6820,6212,0.911
Jaroslav Halak,2066,0,0,0.000,2483,2271,0.915,2524,2300,0.911,1572,1418,0.902,6579,5989,0.910
Pavel Francouz,2067,1444,1271,0.880,2455,2212,0.901,2549,2328,0.913,0,0,0.000,6448,5811,0.901
Alexandar Georgiev,2068,1587,1428,0.900,2513,2278,0.906,66,57,0.864,1094,992,0.907,5260,4755,0.904
Ilya Samsonov,2069,1496,1361,0.910,2565,2366,0.922,72,68,0.944,982,898,0.914,5115,4693,0.917
Ben Bishop,2070,1626,1472,0.905,43,42,0.977,0,0,0.000,0,0,0.000,1669,1514,0.907
Tuuka Rask,2071,1507,1354,0.898,0,0,0.000,0,0,0.000,0,0,0.000,1507,1354,0.898
Erik Källgren,2072,0,0,0.000,47,45,0.957,103,96,0.932,0,0,0.000,150,141,0.940
Rasmus Korhonen,2073,0,0,0.000,112,99,0.884,0,0,0.000,0,0,0.000,112,99,0.884
Thomas Greiss,2074,0,0,0.000,106,93,0.877,0,0,0.000,0,0,0.000,106,93,0.877
Tristan Lennox,2075,0,0,0.000,91,84,0.923,0,0,0.000,0,0,0.000,91,84,0.923
Will Cranley,2076,0,0,0.000,84,73,0.869,0,0,0.000,0,0,0.000,84,73,0.869
Brian Elliott,2077,0,0,0.000,37,34,0.919,26,26,1.000,0,0,0.000,63,60,0.952
Craig Anderson,2078,0,0,0.000,64,59,0.922,0,0,0.000,0,0,0.000,64,59,0.922
Talyn Boyko,2079,0,0,0.000,65,56,0.862,0,0,0.000,0,0,0.000,65,56,0.862
Hugo Alnefelt,2080,0,0,0.000,56,53,0.946,0,0,0.000,0,0,0.000,56,53,0.946
Anton Khudobin,2081,0,0,0.000,53,47,0.887,0,0,0.000,0,0,0.000,53,47,0.887
Dryden McKay,2082,0,0,0.000,49,46,0.939,0,0,0.000,0,0,0.000,49,46,0.939
Jonathan Bernier,2083,23,20,0.870,26,26,1.000,0,0,0.000,0,0,0.000,49,46,0.939
Braden Holtby,2084,16,13,0.813,31,29,0.935,0,0,0.000,0,0,0.000,47,42,0.894
Adam Werner,2085,0,0,0.000,42,37,0.881,0,0,0.000,0,0,0.000,42,37,0.881
Mike Smith,2086,6,6,1.000,29,27,0.931,0,0,0.000,0,0,0.000,35,33,0.943
Garin Bjorklund,2087,0,0,0.000,36,32,0.889,0,0,0.000,0,0,0.000,36,32,0.889
Alex Stalock,2088,0,0,0.000,24,23,0.958,0,0,0.000,0,0,0.000,24,23,0.958
Beck Warm,2089,0,0,0.000,15,13,0.867,0,0,0.000,0,0,0.000,15,13,0.867
Garrett Sparks,2090,0,0,0.000,15,13,0.867,0,0,0.000,0,0,0.000,15,13,0.867
Keith Kinkaid,2091,0,0,0.000,11,8,0.727,0,0,0.000,0,0,0.000,11,8,0.727